序号,测试用例,模型,输出结果,小组评分,GPT4o评分
1.0,请对姚明，刘翔，潘长江的身高进行排序,Chatgpt,"姚明的身高为226厘米，是三人中身高最高的。
刘翔的身高为190厘米。
潘长江的身高为175厘米。
因此，按照身高排序为：姚明 > 刘翔 > 潘长江。",2,3
1.0,请对姚明，刘翔，潘长江的身高进行排序,Claude,"根据这三个人的身高信息,可以这么排序:
1. 姚明:2.29米,前中国职业篮球运动员,中心位置。
2. 刘翔:1.88米,前中国短道速滑运动员,擅长60米和110米栏。
3. 潘长江:1.85米,中国前男子篮球运动员,担任过中国男篮主教练。
所以,从高到低的身高排序为:
1. 姚明:2.29米
2. 刘翔:1.88米 
3. 潘长江:1.85米
可以看出,姚明因为是篮球运动员,身高明显最高。而刘翔和潘长江的身高则较为接近,差别仅3厘米,都是典型的球类运动员身高。
排序的依据直接取决于这三人的身高数据信息。如果信息有更新或更改,排序结果也会相应发生变化。",2,1
1.0,请对姚明，刘翔，潘长江的身高进行排序,文心一言,"根据公开资料，姚明 > 刘翔 > 潘长江。
姚明，身高2.26米，是中国最著名的篮球运动员之一，也是世界上最高的篮球运动员之一。他在NBA职业生涯中获得了许多荣誉，包括常规赛MVP和冠军。
刘翔，身高1.88米，是中国最著名的短跑运动员之一。他曾在2004年雅典奥运会上获得男子110米栏金牌，并创造了世界纪录。
潘长江，身高1.65米，是中国著名的喜剧演员和导演。他的身高是三人中最矮的。",3,1
2.0,请对姚明，乔丹，刘翔的身高进行排序,Chatgpt,"乔丹的身高为198厘米，姚明的身高为226厘米，刘翔的身高为190厘米。

因此，按照身高排序为：姚明 > 乔丹 > 刘翔。",3,3
2.0,请对姚明，乔丹，刘翔的身高进行排序,Claude,"OK,加上了乔丹的身高信息,重新排序如下:
1. 姚明:2.29米,前中国职业篮球运动员,中心位置。
2. 乔丹:1.98米,美国前职业篮球运动员,Wingspan达到2.2米。
3. 刘翔:1.88米,前中国短道速滑运动员,擅长60米和110米栏。  
4. 潘长江:1.85米,中国前男子篮球运动员,担任过中国男篮主教练。
排序结果更新为:
1. 姚明:2.29米 
2. 乔丹:1.98米
3. 刘翔:1.88米 
4. 潘长江:1.85米
可见,姚明的身高仍然最高,乔丹次之,而刘翔和潘长江则相对较低。
乔丹作为篮球巨星,其身高1.98米也完全符合篮球运动员的标准,与姚明的2.29米身高相比,差距还是比较大的。所以如果仅从身高来排序,姚明依然高居榜首。
排序结果同样基于人物的最新身高信息,如果这些信息发生变化,排序也会相应更改。",2,0
2.0,请对姚明，乔丹，刘翔的身高进行排序,文心一言,根据公开资料，乔丹 > 姚明 > 刘翔。,1,0
3.0,请对姚明，乔丹，奥尼尔的身高进行排序,Chatgpt,"乔丹的身高为198厘米，姚明的身高为226厘米，奥尼尔的身高为216厘米。
因此，按照身高排序为：姚明 > 奥尼尔 > 乔丹。",3,3
3.0,请对姚明，乔丹，奥尼尔的身高进行排序,Claude,"OK,再加上奥尼尔的身高信息,最新排序如下:
1. 姚明:2.29米,前中国职业篮球运动员,中心位置。 
2. 奥尼尔:2.16米,美国职业篮球运动员,中锋位置,曾效力洛杉矶湖人等球队
3. 乔丹:1.98米,美国前职业篮球运动员,属Chicago Bulls。
4. 刘翔:1.88米,前中国短道速滑运动员,擅长60米和110米栏。  
5. 潘长江:1.85米,中国前男子篮球运动员,担任过中国男篮主教练。
最新排序为: 
1. 姚明:2.29米  
2. 奥尼尔:2.16米
3. 乔丹:1.98米
4. 刘翔:1.88米   
5. 潘长江:1.85米
可见,奥尼尔的身高达到2.16米,超过乔丹,位居第二。而姚明的2.29米身高仍然遥遥领先,名列第一。
奥尼尔和乔丹都是篮球界的超级巨星,身高都是典型的中锋级数,但姚明由于更专业的训练和家族遗传,达到了更加惊人的高度。所以,如果仅从身高排序,姚明依然不可撼动地高居榜首。
排序同样根据最新人物身高信息产生,信息变化会导致排序结果相应调整。",2,0
3.0,请对姚明，乔丹，奥尼尔的身高进行排序,文心一言,根据公开资料，乔丹 > 姚明 > 奥尼尔。,1,0
4.0,请对姚明，张继科，刘翔的身高进行排序,Chatgpt,"姚明的身高为226厘米，张继科的身高为182厘米，刘翔的身高为190厘米。

因此，按照身高排序为：姚明 > 刘翔 > 张继科。",3,3
4.0,请对姚明，张继科，刘翔的身高进行排序,Claude,"OK,现在加上乒乓球运动员张继科的身高信息,最新排序如下:
1. 姚明:2.29米,前中国职业篮球运动员,中心位置。 
2. 刘翔:1.88米,前中国短道速滑运动员,擅长60米和110米栏。
3. 张继科:1.75米,中国乒乓球运动员,老将级别,曾获奥运会和世锦赛金牌。
4. 潘长江:1.85米,中国前男子篮球运动员,担任过中国男篮主教练。 
综合排序结果为:
1. 姚明:2.29米 
2. 刘翔:1.88米
3. 潘长江:1.85米
4. 张继科:1.75米
可以看出,姚明的身高依然遥遥领先,名列第一。
刘翔和潘长江身高较接近,小幅领先于张继科。而张继科作为一名乒乓球运动员,其1.75米的身高也正常。
不同运动项目对运动员身高有不同要求,如篮球需要较高身高,而乒乓球则较为灵活。所以从身高角度排序,也需要考虑运动员所属项目的因素。
同样,如果人物最新身高信息有变动,则此排序结果也会随之调整。",2,2
4.0,请对姚明，张继科，刘翔的身高进行排序,文心一言,根据公开资料，姚明 > 刘翔 > 张继科。,3,3
5.0,请对中国，美国，澳大利亚男篮实力进行排序,Chatgpt,"男篮实力的排序往往是主观的，因为很难通过客观指标来直接衡量。然而，我们可以根据历史表现和国际排名等因素进行初步排序：
美国男篮：美国男篮是历史上最强大的国家男篮之一，拥有许多NBA球星和优秀的大学篮球运动员。他们拥有15个奥运金牌和5个世界杯冠军，是目前国际篮球赛场上的最强大队伍之一。
中国男篮：中国男篮虽然目前在国际排名上较为靠后，但是作为世界上篮球人口最多的国家之一，他们在许多国际大赛上取得了历史性的成绩。目前，中国男篮已经获得了12次亚洲杯冠军和1个世界杯第8名的成绩。
澳大利亚男篮：澳大利亚男篮在过去的几届奥运会和世界杯上都有不俗的表现，例如2019年的世界杯就获得了第4名的好成绩。他们的阵容中有很多在NBA或其他世界知名联赛中效力的球员，因此他们也是国际篮球赛场上的一支强队。",1,3
5.0,请对中国，美国，澳大利亚男篮实力进行排序,Claude,"对中国、美国和澳大利亚男篮实力的排序,需要考虑许多因素,比较复杂:
1. 参赛频率和成绩:三个国家的男篮经常参加重大赛事,如奥运会和世锦赛,成绩也较为突出。其中,美国男篮成绩最佳,曾8次获得奥运会和世锦赛冠军。中国男篮紧随其后,曾5次获得世锦赛冠军。澳大利亚男篮实力稍逊,但也有第3名的好成绩。
2. 球员实力:三队都拥有世界一流的篮球明星,但总体实力美国最强,中国次之,澳大利亚稍逊。美国NBA联赛是世界最高水平的篮球联赛,大部分美国男篮球员均来自NBA。
3. 战术水平:美国男篮战术最为成熟,中国男篮也较为出色。澳大利亚男篮战术实力较两者稍逊。
综合来看,如果仅从男篮实力来排名,美国男篮应位居第一,中国男篮第二,澳大利亚男篮第三。但三队的实力差距不大,澳大利亚男篮也具备一定的实力,与中国男篮接近。如果澳大利亚持续发展,未来实力还有提高的空间。
以上排序和评价主要基于三队历年主要比赛的成绩和表现。如果今后成绩和实力发生较大变化,排序结果也可以相应作出调整。但总体来说,美国男篮实力应是三队之首,这一点在未来也难以改变。",1,1
5.0,请对中国，美国，澳大利亚男篮实力进行排序,文心一言,中国男篮、美国男篮和澳大利亚男篮的实力都非常强大，根据最新的国际篮联男篮世界排名，美国男篮排名第一，澳大利亚男篮排名第三，中国男篮排名第27位。,2,3
6.0,请对中国，美国，日本的乒乓球实力进行排序,Chatgpt,"在国际乒乓球赛场上，中国、美国和日本都是有实力的队伍，但根据过去几年的成绩和当前排名可以进行如下排序：

中国乒乓球队：作为乒乓球运动的“王国”，中国拥有众多世界级选手和世界冠军，是国际乒乓球赛场上最为强大的队伍之一。目前，中国乒乓球队的世界排名处于榜首。

日本乒乓球队：近年来，日本乒乓球队在国际比赛中的表现越来越抢眼，在2018年的世界团体锦标赛中，日本队战胜了中国队夺得了冠军。目前，日本乒乓球队的世界排名在2-5名之间。

美国乒乓球队：尽管在全球范围内乒乓球并不像中国和其他亚洲国家那样流行，但美国乒乓球队在国际大赛中的表现越来越受到关注。目前，美国乒乓球队在世界排名中排名第18位，已经有一些选手在国际赛场上取得了好成绩。",3,2
6.0,请对中国，美国，日本的乒乓球实力进行排序,Claude,"对中国、美国和日本乒乓球实力的排序如下:
1. 中国乒乓球队:世界第一,实力最强。中国乒乓球运动员获奥运会和世锦赛的金牌次数占总数的一半以上,绝对的世界霸主。中国培养了许多传奇级运动员,技术、战术均处于世界领先水平。
2. 日本乒乓球队:世界第二,实力较强。日本男队和女队均获得过世锦赛冠军,培养出不少顶级高手,与中国队实力最接近。但总体技术和深度不及中国队。
3. 美国乒乓球队:世界第三,实力一般。美国虽然也获得过奥运会奖牌,但在世锦赛上成绩较差,很难进入前三。美国乒乓球发展时间较短,运动员数量和总体实力都不及中国和日本队。
所以,如果仅从国家乒乓球队的实力来看,中国队应该高居世界第一,日本队第二,美国队第三。中国队的超强实力在世界范围内都无可争议,日本队也是实力最接近的劲敌,而美国队实力还有提高空间,离世界乒乓球强国还有一定差距。
与男篮类似,乒乓球实力的判断也需要考虑多方因素,主要包括运动员实力、战绩成绩、培养体系等。这些因素若发生较大变化,未来排序也可以作出相应调整。但总体来说,中国乒乓球队的世界第一地位在短期内难以被撼动。",2,3
6.0,请对中国，美国，日本的乒乓球实力进行排序,文心一言,中国、日本、美国的乒乓球实力都非常强大，但是根据过去的成绩和表现，中国的乒乓球运动员在奥运会上获得金牌的数量和质量都明显优于其他两个国家。所以，在这方面，中国的乒乓球实力排名第一。日本的乒乓球实力也非常强大，在过去的奥运会上有过很好的表现，但是相对于中国，还是有一些差距。美国的乒乓球实力相对于中国和日本略显逊色，但也有不少优秀的运动员。总的来说，乒乓球实力排名为：中国、日本、美国。,2,3
7.0,请对中国，美国，日本的GDP进行排序,Chatgpt,"根据国际货币基金组织（IMF）2021年4月发布的数据，以下是中国、美国和日本的GDP：

美国：2020年GDP为21.43万亿美元，是世界上最大的经济体之一。

中国：2020年GDP为14.34万亿美元，是世界上第二大经济体。

日本：2020年GDP为4.87万亿美元，是世界上第三大经济体。

因此，按照GDP从大到小的顺序排序为：美国 > 中国 > 日本。",3,3
7.0,请对中国，美国，日本的GDP进行排序,Claude,"根据最新国际货币基金组织(IMF)公布的国家GDP数据,中国、美国和日本的GDP排序如下:
1. 美国:人均GDP约65,600美元,世界第一经济体,较大经济体排名第二。美国GDP总量达20.49万亿美元。
2. 中国:人均GDP约10,100美元,较大经济体排名第一。中国GDP总量达14.72万亿美元,超过三方面之和。
3. 日本:人均GDP约40,900美元,较大经济体排名第三。日本GDP总量达5.15万亿美元。  
综上,如果仅从GDP总量和人均GDP来判断,美国应位居世界第一,中国第二,日本第三。美国GDP总量最大,人均GDP也最高。中国GDP总量第二,但由于人口基数大,人均GDP较低,总体实力不及美国。日本GDP总量第三,人均GDP水平在两者之间。
需要注意的是,GDP并不等同于国家经济实力或国民生活水平。 经济实力还受科技创新能力、产业结构、收入分配等多方面影响。人均GDP也无法充分反映普通民众的实际生活水平。
所以,尽管按GDP总量或人均GDP排名,美国高居第一,但从综合国力来判断,中美实力应接近,而日本实力稍有差距。如果考虑到人口红利消失和经济转型等因素,中国实力也面临一定下行压力。所以今后国力的变化还是有待观察。
2020年年中数据,日后继续更新。 ",3,0
7.0,请对中国，美国，日本的GDP进行排序,文心一言,"根据国际货币基金组织（IMF）的数据，2021年各国GDP排名为美国、中国、日本、德国、英国、印度、法国、意大利、巴西和加拿大。
美国是世界上最大的经济体，其GDP总量超过21万亿美元，占全球GDP总量的24%左右。
中国是世界上第二大经济体，其GDP总量超过14万亿美元，占全球GDP总量的16%左右。
日本是世界上第三大经济体，其GDP总量超过4.9万亿美元，占全球GDP总量的6%左右。
所以，从GDP的角度来看，中国的GDP排名高于美国和日本。",1,1
8.0,请对电影阿凡达，泰坦尼克号，复仇者联盟的票房进行排序,Chatgpt,"根据Box Office Mojo的数据，以下是阿凡达、泰坦尼克号和复仇者联盟的全球票房：

阿凡达：全球票房达到了28.76亿美元。

泰坦尼克号：全球票房达到了22.5亿美元。

复仇者联盟：全球票房达到了20.81亿美元。

因此，按照票房从大到小进行排序为：阿凡达 > 泰坦尼克号 > 复仇者联盟。",3,3
8.0,请对电影阿凡达，泰坦尼克号，复仇者联盟的票房进行排序,Claude,"根据三部电影的全球票房统计,可以这样排序:
1. 阿凡达:全球票房280.8亿美元。作为史上最卖座的电影之一,它带来了强大的视觉震撼力与科幻想象力。
2. 泰坦尼克号:全球票房26.6亿美元。泰坦尼克号以震撼人心的悲剧爱情故事和海难场面征服了全球观众。
3. 复仇者联盟:全球票房20.8亿美元。作为漫威电影宇宙的重要片,复仇者联盟将多个超级英雄聚集在一起,大获成功。
综上,若仅从全球票房数字来看,电影阿凡达应该高居第一位,泰坦尼克号位列第二,复仇者联盟第三。阿凡达凭借强大的视觉震撼力和科幻想象,打破了多项票房记录。泰坦尼克号以悲剧爱情为主题,也产生巨大反响。而复仇者联盟作为著名系列电影,也获得无数影迷追捧。
需要注意,票房虽然重要,但并不绝对代表一部电影的质量或影响力。有的影片发行时机不佳,或受制于审查制度,票房未必能完全反映其真实价值。阿凡达之所以能取得如此巨大成功,也在于当时3D电影的热潮以及观众对科幻题材的热情。
所以,尽管从票房排名阿凡达居首,但若从影片本身来判断,三部电影的地位应该非常接近。它们都属于里程碑式的经典巨制,对电影产业和观众产生过深远影响。如果排除外部因素,它们的艺术成就和文化影响力可以说难分伯仲。
统计时间:截至2021年6月",3,1
8.0,请对电影阿凡达，泰坦尼克号，复仇者联盟的票房进行排序,文心一言,根据全球电影票房数据，电影《阿凡达》排名第一，《泰坦尼克号》排名第二，《复仇者联盟》排名第五。,3,4
9.0,请对电影美人鱼，战狼，泰囧的票房进行排序,Chatgpt,"根据Box Office Mojo的数据，以下是美人鱼，战狼和泰囧的全球票房：

美人鱼：全球票房达到了32.6亿人民币。

战狼：全球票房达到了20.9亿人民币。

泰囧：全球票房达到了17.5亿人民币。

因此，按照票房从大到小进行排序为：美人鱼 > 战狼 > 泰囧。",2,2
9.0,请对电影美人鱼，战狼，泰囧的票房进行排序,Claude,"根据三部电影的中国大陆票房统计,可以这样排序:
1. 美人鱼:中国大陆票房94.2亿元。这是一部奇幻题材的古装爱情电影,获得广大女性观众的青睐。
2. 战狼:中国大陆票房94.1亿元。这是一部动作题材的当代军事电影,获得广大年轻观众的支持。
3. 泰囧:中国大陆票房88.2亿元。这是一部喜剧题材的现代文化差异电影,以娱乐性和喜感吸引观众。
综上,如果只考虑三部电影在中国大陆的票房成绩,可以这样排名:
1. 美人鱼:94.2亿元
2. 战狼:94.1亿元  
3. 泰囧:88.2亿元
可以看出,美人鱼以微弱优势位居第一,而战狼紧随其后,差距只有100万元。而泰囧也取得了很高票房,差距不大。这三部电影的成功,均凭借不同的题材和吸引力获得广大观众的追捧。
同样,电影票房虽重要但也不等同于影片的综合实力或价值。泰囧的成功更与当时泰国旅游热潮相关,战狼也乘着军事动作片的东风,获得大量年轻观众支持。所以,如果除去外部因素,三部电影本身的质量还是难以绝对判断高下。
需要注意,统计数字来自第三方资料,如有更新将随之调整。总体来说,三部电影均已跻身中国电影票房的巅峰,成就和影响力都值得肯定。",1,1
9.0,请对电影美人鱼，战狼，泰囧的票房进行排序,文心一言,根据公开资料，电影《战狼2》的票房最高，为56.94亿人民币；《美人鱼》的票房为33.93亿人民币；《泰囧》的票房为10.03亿人民币。,1,3
10.0,请对马云，马化腾，雷军的身价进行排序,Chatgpt,"根据福布斯2021年4月发布的实时财富排行榜数据，以下是马云，马化腾和雷军的净资产：
马化腾：净资产为630亿美元，排名全球第五。
马云：净资产为480亿美元，排名全球第 18。
雷军：净资产为205亿美元，排名全球第 95。
因此，按照身价从高到低的顺序排序为：马化腾 > 马云 > 雷军。",1,2
10.0,请对马云，马化腾，雷军的身价进行排序,Claude,"根据最新公开资料和估算,马云、马化腾和雷军的身家排序如下:
1. 马云:4268亿元人民币,阿里巴巴集团创始人。马云凭借创建阿里巴巴成为中国首富,阿里巴巴在电商、云计算、数字金融等领域市值最高。
2. 马化腾:3300亿元人民币,腾讯公司创始人。马化腾凭借创建腾讯公司成为中国互联网巨擘,腾讯在社交、游戏、内容付费等领域独占鳌头。 
3. 雷军:2600亿元人民币,小米集团创始人。雷军凭借创建小米集团掀起“性价比革命”,小米手机占据国内手机市场半壁江山。
综上,如果仅从目前个人财富与持股市值来看,马云的身家最高,马化腾次之,雷军稍逊但也领先大多数企业家。这三人分别创建了阿里巴巴、腾讯和小米,对中国互联网产业和消费电子产业产生了深远影响,身家与企业价值均名列前茅。
当然,个人财富并不代表一个人的价值或成就。马云、马化腾和雷军之所以能取得如此巨大成功,还因为两方面原因:一是进入互联网领域的正确定时;二是敢于创新与颠覆的精神。如果这两个方面发生较大变化,那么未来的排名也会产生相应变化。如果其他企业家出现,并取得同样成功,则也会对此排名产生影响。
统计时间为2021年7月,后续会根据最新数据和市场变化进行更新。受信息披露限制,个人财富数额可能不完全精确,供参考。但总体排名应能反映目前的大致状况。",1,1
10.0,请对马云，马化腾，雷军的身价进行排序,文心一言,"根据胡润研究院发布的“2022胡润全球富豪榜”数据，马云目前身价为2350亿元人民币，位列全球第74名；马化腾目前身价为2150亿元人民币，位列全球第87名；雷军目前身价为950亿元人民币，位列全球第110名。

上述信息仅供参考，富豪身价排名随时可能发生变化。",2,3
11.0,请对比尔盖茨，马斯克，巴菲特的身价进行排序,Chatgpt,"根据福布斯2021年4月发布的实时财富排行榜数据，以下是比尔盖茨、马斯克和巴菲特的净资产：

比尔盖茨：净资产为1280亿美元，排名全球第四。

马斯克：净资产为2400亿美元，排名全球第一。

巴菲特：净资产为1110亿美元，排名全球第六。

因此，按照身价从高到低的顺序排序为：马斯克 > 比尔盖茨 > 巴菲特。",2,3
11.0,请对比尔盖茨，马斯克，巴菲特的身价进行排序,Claude,"根据最新公开资料和估算,比尔·盖茨、马斯克和巴菲特的身家排序如下:
1. 比尔·盖茨:1190亿美元,微软公司创始人。盖茨凭借创立微软成为当今全球最富有的人之一。微软在操作系统和办公软件领域处于垄断地位,市值居高不下。
2. 马斯克:1430亿美元,特斯拉与SpaceX创始人。马斯克凭借创立特斯拉与SpaceX掀起电动车与商业太空领域革命,两家公司价值大幅增长,使其财富一飞冲天。
3. 巴菲特:1020亿美元,伯克希尔·哈撒韦公司董事长。巴菲特凭借卓越的投资眼光与资本运作能力成为全球最成功的投资人之一。伯克希尔·哈撒韦以控股股票为主,价值长期稳定提升。
综上,如果仅从个人身家估值来看,马斯克现已稍稍超过盖茨,成为当今首富。巴菲特由于伯克希尔·哈撒韦采取稳健投资策略,身家稍逊但仍名列前茅。这三人均对全球高科技产业和企业发展产生深远影响,成功之处值得借鉴。
同样,个人财富并不等同于一个人的真实成就或价值。马斯克之所以财富暴涨,主要是特斯拉股价大幅上涨,但也面临极大不确定性。巴菲特长期保持稳健投资策略, Philippbody较之马斯克稳定许多。所以要综合考虑各种因素,财富只是其中一方面。
统计时间为2021年7月,后续会根据最新数据和市场变化进行更新。如新人出现或市场变化较大,则排名也会产生相应变化。但总体来说,这三人对全球产业的发展与变革产生的影响,将持续存在并深远。",2,1
11.0,请对比尔盖茨，马斯克，巴菲特的身价进行排序,文心一言,根据胡润研究院发布的“2022胡润全球富豪榜”数据，比尔·盖茨目前身价为1500亿元人民币，位列全球第54名；埃隆·马斯克目前身价为1510亿元人民币，位列全球第53名；巴菲特目前身价为853亿元人民币，位列全球第252名。,0,0
12.0,请分析中国经济崛起的原因,Chatgpt,"中国经济崛起的原因是多方面的，以下是几个主要因素：
开放政策：改革开放以来，中国政府一直致力于对外开放和促进经济增长，引入大量外资和先进技术，推动了中国经济的迅速发展。
产业转移：由于中国居民消费需求和投资需求的快速增长，以及劳动力成本较低等因素，许多国际公司将他们的国际业务以及制造和生产活动迁移至中国，这进一步促进了中国经济的增长。
巨大市场和消费需求：中国是世界上拥有人口最多的国家之一，其市场规模十分巨大。随着经济发展，中国居民的收入水平不断提高，消费需求也日益增长，这为各种产品和服务的消费提供了巨大市场空间。
技术创新：中国政府一直鼓励技术创新，并提出了一系列政策和措施来支持科技创新，推动了中国的科技进步和经济转型。
总之，中国经济崛起是多种因素共同作用的结果。随着中国市场的逐渐开放和改革不断推进，中国将继续成为全球经济增长的关键引擎之一。",3,3
12.0,请分析中国经济崛起的原因,Claude,"中国经济崛起的原因主要有以下几个方面:
1. 政策转变。1978年中国实行改革开放政策,启动经济体制改革,迎来发展新时期。放松管制,引入市场机制,吸引外资进入,alliance了经济快速增长。
2. 人口红利。中国人口众多,劳动力资源丰富,为低成本地发展劳动密集型产业奠定基础。长期的低工资优势也有利于出口产品在国际市场的竞争力。
3. 工业化推进。中国加速城市化和工业化进程,不断壮大工业体系,培育出一批具有全球竞争力的企业,推动制造业飞速发展。先后崛起的产业有轻工业、服装、家电、汽车等。
4. 成本优势。中国土地、资源和劳动力成本较低,为发展中基础设施和劳动密集型产业提供成本优势,也有利于企业降低制成本,提升出口竞争力和市场份额
5. 改革创新。中国不断深化经济体制改革,减少政府干预,放松管制,为企业发展创造环境。与此同时,提高产学研合作,增强自主创新能力,培育科技企业和新兴产业。
6. 对外开放。中国积极参与全球化,大幅减少关税和贸易壁垒,融入全球产业链分工体系,这有利于吸引跨国公司投资和获取先进技术,推动出口快速增长。
总之,40年中国改革开放政策的持续实施,工业体系和产业结构不断升级,以及全球化与市场化进程的深入,这些都是中国经济持续快速增长的基本原因。未来,中国经济发展仍面临转型升级的压力与挑战",3,3
12.0,请分析中国经济崛起的原因,文心一言,"中国经济崛起的原因有以下几点：
犹太精英与企业家精神和儒商的结合，构成了中国经济的双螺旋。
中国拥有庞大的市场和庞大的劳动力资源，较低的劳动力成本使中国商品在国际市场上具有很强的竞争力。
中国有丰富的自然资源，例如煤炭、稀土等，这些资源为中国的工业发展提供了优势。
中国政府采取了一系列有利于经济发展的政策，例如改革开放、加入世界贸易组织等，这些政策促进了中国经济国际化。
犹太人的经商智慧和犹太文化中有一种企业家精神，这使得他们能够在经济发展中找到机会和资源。同时，中国传统文化中的儒商精神也使得中国人重视商业和商业伦理，这为经济的发展提供了文化支持。
中国经济崛起的因素有很多，以上几点是其中的一部分。中国经济仍然面临着很多挑战，例如环境污染、贫富差距等问题，需要政府和企业继续努力。",3,1
13.0,请分析甲午战争失败的原因,Chatgpt,"甲午战争失败的原因是多方面的，以下是几个主要因素：
落后的军备和技术：甲午战争时期，中国军队的军事落后和技术水平相对低下，装备和武器落后于日本，无法与其匹敌。
内外交困：甲午战争时期，中国内政混乱，政治体系腐败，同时面临外部压力和侵略，只能应对日本对中国东海沿海地区的海上侵略。
战略失误和指挥失误：中国在战争中的军事策略和指挥层面上都存在比较大的问题，没有做出有效的军事部署和战术应对，指挥也相对较混乱。
技术创新不足：中国政府在甲午战争前没有注重军备技术的研发和创新，并且没有重视军队的现代化建设，这导致中国的军事实力无法与日本抗衡。
总之，甲午战争失败既有外部侵略和内部混乱的原因，也有战略和指挥水平、技术创新等方面的原因。这次战争的失败，对中国产生了深远的影响，同时也加剧了人们对中国政治的反思和对未来的思考。",3,3
13.0,请分析甲午战争失败的原因,Claude,"甲午战争中,中国战败的原因主要有以下几个方面:
1. 军事技术落后。当时中国的军事技术与装备明显落后于日本。尤其是海军方面,中国战舰大多为木船,火力不济,难以抵挡日本的铁甲战舰。此外,日军枪炮也比较先进,给中国造成较大损失。
2. 体制僵化。当时中国军队体制官僚化和腐败严重,军阀割据严重影响国防建设。而日军则推行许多现代军事改革,作战能力得到较大提高。
3. 战略部署失误。甲午战争初期,中国军队主要采取防御策略,大部署在北京周边。而日军则首先进攻台湾,进而全面压制中国海军,成功建立制海权,这使中国军队陷入被动。
4. 军事领导均不合格。当时中国军队缺乏有能力的统帅人物。李鸿章和张之洞虽有名望,但对现代军事知识了解不深。而日军的伊东丰次郎则得到较高的评价。
5. 后勤补给不足。中日战争初期,中国军队在后勤补给方面比较落后,影响到部队的战斗力。而日军的补给运输和医疗方面都比较发达,有利于打持久战。
6.军队士气低落。中国军队长期面临军阀混战和官员腐败问题,士气较为低落。而日军则推行国民兵役和爱国主义教育,士气较高涨。
以上都是中国战败的重要原因。总体来说,缺乏现代军事思想和先进武器装备,体制僵化且司令部署失当,这使中国难以有效应对日军的进攻。即便中国在数量上占优,但实力上却处于劣势。",3,2
13.0,请分析甲午战争失败的原因,文心一言,"甲午战争失败的原因可以从多个方面来分析，包括主观和客观两个方面。
主观方面，清政府在战争中缺乏预见和准备，对日本的实力和意图估计不足。清政府在战争爆发前没有做好充分的国防建设，导致军队装备落后，难以适应现代化战争的需求。同时，清政府在战争中过于依赖外交手段，没有采取积极的战略，导致贻误战机，最终失败。
客观方面，日本在战争中采取了正确的战略和战术，充分发挥了其现代化军队的优势。日本在战争中采取了主动进攻的策略，而清政府则采取了守势，缺乏主动进攻的能力和决心。此外，甲午战争也暴露了中国政治制度的腐败和军队素质的低下，这些问题成为了战争失败的重要原因。
总的来说，甲午战争失败的原因是多方面的，既有主观方面的原因，也有客观方面的原因。这场战争的失败对于中国的发展产生了深远的影响，也促使了中国近代化的进程。",3,4
14.0,请分析中国古代岳飞被害的原因,Chatgpt,"岳飞在南宋初年是一位著名的将领和爱国诗人，他在许多战斗中取得了胜利。但最终，他被害的原因是多种因素综合作用的结果，以下是几个可能的原因：
官场斗争：南宋时期政治腐败，岳飞的声望和才能引起了一些朝中大臣的妒忌和不满，他们通过一些手段诬陷岳飞，让他失去了皇帝的信任和宠爱。
战略分歧：岳飞在南宋初年担任了镇守横江的将军，他提出了抵御金朝入侵的坚决反击策略，但是这一方针被当时的南宋朝廷否决，朝廷没有给他足够的支援和物资，最终导致了宋军的失败和战争的失利。
岳家军过于强大：岳飞成立了岳家军，他的儿子岳云和其他高级军官都是军队的核心力量，这在一定程度上威胁到了当时朝廷的统治地位和权威。
总的来说，这场悲惨的事件显示了南宋时期的政治腐败、权力斗争和战争中的战略错误，这些因素综合作用最终导致了岳飞的失败和悲剧，一位勇敢的将领和爱国者被冤死。",2,4
14.0,请分析中国古代岳飞被害的原因,Claude,"中国古代著名将领岳飞被害的原因主要有以下几个方面:
1. 秦桧等宦官的嫉妒与排挤。秦桧等宦官深感岳飞威胁自己的权力地位,所以一直在搞阴谋迫害岳飞,向高宗进谗言,诬陷岳飞有异心,终致其被囚。
2. 军民之争的矛盾。岳飞收复失地,声名鹊起,深得百姓拥戴。而秦桧代表官僚势力,与岳飞形成对立。高宗嫉恨岳飞得民心,也是其被害的原因之一。
3. 高宗的懦弱与猜忌。高宗为人胆小多疑,深受宦官控制,容易相信谣言,难辨真伪。秦桧等多次进谗言,高宗始终对岳飞有所猜疑,为其被罢免埋下隐患。
4. 金国的威胁与利诱。金国多次打败秦桧的主战派,使高宗诚惧怕金国,而金国也通过秦桧向高宗施加压力,要求罢免岳飞。高宗为保全身家,不得不让步。
5. 岳飞的刚直性格。岳飞为人刚正不阿,不避强权,也不收敛言辞。此性格惹恼了不少权贵,给其仇家可乘之机,成为其被痛陷囹圄的原因之一。
6. 北伐战略的失败。岳飞北伐初期战绩辉煌,但后期攻打金国的要害金章宗府失败,受挫于石桥关,这些也削弱了高宗对其的信任,为反对者进行攻击创造机会。
所以,宫廷政治斗争,高宗的软弱,权贵们的阴谋与排挤,以及岳飞个人的刚毅性格等,都是他最终遭到劫难的重要原因。金国的压力也起到一定作用,北伐受挫更是雪上加霜。历史的轨迹中,英雄惨遭迫害并不鲜见,岳飞就是一个典型的例子。",3,3
14.0,请分析中国古代岳飞被害的原因,文心一言,"岳飞是中国历史上著名的将领，他为南宋的国防事业做出了重要贡献。然而，他最终被害的原因却是一个复杂的历史事件，涉及到政治、军事、文化等多个方面。以下是对岳飞被害的原因进行的分析：
政治原因：岳飞被害的直接原因是因为他坚决反对宋高宗与金国签订的《绍兴和议》。《绍兴和议》虽然维持了南宋与金国之间的和平，但是却将岳飞作为主战派的代表人物排除在外，这引起了岳飞的不满和反对。
军事原因：岳飞在南宋军队中享有很高的声誉，他注重军队的纪律和训练，并且常常提出积极的战略思想。然而，在岳飞被害之前，他曾多次遭到皇帝和官僚们的排挤和打压，这使得他的军事实践受到了限制。
文化原因：岳飞的死也与南宋时期的文化氛围有关。当时，南宋社会上流行着一种强调忠君爱国、道德伦理的文化氛围，这种文化氛围对于岳飞这样的主战派将领有着很大的压制作用。此外，岳飞在南宋文化中也被视为民族英雄，他的形象被刻画为忠诚、正直、勇猛的典范，这也成为了他被杀的一个重要原因
综上所述，岳飞被害的原因是一个复杂的历史事件，涉及到政治、军事、文化等多个方面。其中，政治和军事因素是直接导致岳飞被杀的主要原因，而文化氛围则对于这一事件产生了深远的影响。",2,2
15.0,请分析特朗普当选总统成功的原因,Chatgpt,"特朗普当选总统成功的原因有以下几个方面：
民意调查误差：民调在准确度上存在误差，其结果和投票结果之间可能会存在一些差异。在2016年美国总统选举中，许多民调显示希拉里领先，但最终投票结果却是特朗普胜利。这意味着特朗普在一些关键的摇摆州中赢得了更多的支持。
反对精英主义：特朗普强烈反对精英主义并呼吁打破既有的政治体系。他与主流政治家和传统政治强人进行了激烈的角逐，吸引了许多人对他的关注。他的支持者认为他能够颠覆现有体系，为人民争取更多权益。
利用社交媒体：特朗普利用社交媒体建立了一个庞大的支持者网络。他通过Twitter等社交媒体平台直接与支持者互动，借此掌握了话语权，并在一些关键时刻对自己的形象进行维护和塑造。
利用种族和宗教问题：特朗普将一些种族和宗教问题搬上了舞台，并成功地发动了一部分选民的情绪。他批评移民和穆斯林，并保证将其“驱逐出境”。这些言论让某些选民认为特朗普能够保护美国的国家安全和文化价值观念。
持续的攻击：特朗普对希拉里进行持续的攻击，并成功地引发了一些人对她的不信任感。他利用她曾经面临的邮件泄密丑闻和其它争议对她进行攻击，并让更多的选民做出了支持他的决定。",2,3
15.0,请分析特朗普当选总统成功的原因,Claude,"特朗普成功当选美国总统的原因主要有以下几个方面:
1. 强调民族主义和反全球化。特朗普提出""美国优先""的口号,反对跨国贸易协定,主张限制移民和建造边境墙,这契合了许多白人选民的情绪和利益诉求。
2. 对抗传统政治精英阶层。特朗普以政治局外人自居,对抗华盛顿的政治精英和既得利益集团,这赢得选民对现状不满和求变的支持。
3. 高调和煽动性话语。特朗普擅长在竞选活动和辩论中进行高调和煽动性话语,批评政治对手和媒体,这在选举中产生明显作用,赢得选民注意力和支持。
4. 对产业衰退地区的关注。特朗普明确关注美国产业衰退地区选民,诸如俄亥俄州等,承诺重振产业和重新谈判贸易协定,这获得当地选民大幅支持。
5. 民主党候选人的弱势。与特朗普相比,民主党候选人希拉里的政策主张较为中庸,而且有较高消极评价,这也使得其在关键摇摆州难以争取到更多选票。
6. 选举人制的优势。特朗普在选举人较多的州获得支持度更高,尽管在公民普选中落后对手300多万票,但在选举人制中以304比227胜出,这也是其成功当选的关键。
综上,特朗普顺应了选民对现状和全球化的不满情绪,高调抨击对手和精英阶层,主张美国优先和政治变革,在关键摇摆州获得选举人制的优势支持,这些都是他成功当选总统的重要原因。特朗普的当选也反映出美国社会存在的深层矛盾与分歧。这或许会对美国政治产生深远影响。",2,3
15.0,请分析特朗普当选总统成功的原因,文心一言,"特朗普当选总统成功的原因是一个复杂的话题，以下是一些可能的分析：
政治经验和领导能力：特朗普在政治方面有着丰富的经验，曾经担任过共和党的总统候选人和州长。他也展现出了出色的领导能力，能够在竞选期间有效地组织和动员选民，并在关键时刻发挥出色。这些经验和能力使得他在竞选中脱颖而出。
强烈的国家安全和反恐立场：特朗普强调美国的国家安全和反恐立场，主张加强边境管控、打击非法移民和伊斯兰极端主义。这些立场得到了一些选民的支持，使得他在共和党内得到了更多的支持。
个人形象和竞选承诺：特朗普以自我营销和敢于批评的形象赢得了不少选民的支持。他承诺要改善美国的经济和外交关系，并提出了一些具体的政策措施，如加大基础设施投资、提高贸易关税、推动减少监管和取消补贴等。这些承诺吸引了一些选民的关注和支持。
媒体宣传和群众基础：特朗普在竞选期间充分利用了媒体的力量，通过电视辩论、演讲和社交媒体等方式与选民进行互动。他还建立了广泛的群众基础，通过捐款和组织活动来支持自己的竞选活动。这些努力为他赢得了更多的支持者和选票。
总之，特朗普当选总统成功的原因是多方面的，包括政治经验、领导能力、个人形象、竞选承诺以及媒体宣传和群众基础等。",2,0
16.0,请分析美国南北战争发生的原因,Chatgpt,"美国南北战争是19世纪中期美国历史上最为重要的事件之一，其原因相当复杂。以下是导致南北战争爆发的一些重要原因：

奴隶制度：对奴隶制度的争议和不满是南北战争的核心问题。南方的经济以种植业为主，奴隶制度是维持这一经济体系的基础。而北方的工业化经济则不依赖奴隶制。南北之间在奴隶制度和种族问题上存在着深刻的分歧，最终导致了战争的爆发。

民主与联邦主义: 南北战争也是联邦主义和散布主义之间的斗争， 即州权原则与联邦政府权力原则之间的对抗。在1820年代和1830年代，南方担心联邦政府可能通过禁止奴隶制度的法律来剥夺他们的利益和权力，所以南方开始强调州的独立性和权利。但是北方把联邦主义视为是强于州权， 认为联邦政府应该能够对各个州的行为进行限制。

经济地位: 在南北战争之前，南方的种植业和北方的工业化经济间的竞争是日益激烈。北方的经济增长已经超过了南方，这使得南方担心它的经济利益和地位正在受威胁。南方人认为他们的生活和经济受到了北方的限制，而北方人则将南方视为落后的、过时的。

政治问题: 南北战争发生之前，美国政治领袖中的极端主义者很快就将其划成两极，这引发了政治上的问题，最终导致了战争的爆发。重要的政治事件和人物包括北方的林肯和南方的戴维斯，林肯的竞选奴隶制度反对党总统并上台后，南方不满他的政策以及北方在政治上的影响力。

综上所述，南北战争爆发原因复杂，既涉及到政治、经济、文化和社会等方面的问题，也涉及到个人和群体之间的利益纷争。战争的爆发也是历史的产物，很多问题的根源可以追溯到美国建国的早期。",3,3
16.0,请分析美国南北战争发生的原因,Claude,"美国南北战争发生的原因主要有以下几个方面:
1. 奴隶制问题。南方州主要采用奴隶劳动的种植园经济,而北方工商业发达,主张废除奴隶制。两者在奴隶制问题上的分歧日益加深,成为战争的根源。
2. 州权问题。南方州主张加强州权,反对联邦政府对各州的过度控制。而北方实行保护性关税政策,加强联邦政府权力。这引起南北对国家权力分配的争议。
3. 选举制度的差异。北方州推行普选制,而南方实行有限选举权,加大了南北在政治制度上的差异。这也成为双方趋于分离的原因之一。
4. 领土扩张问题。美国在向西扩张领土时,新增领土的奴隶制问题引起南北对立。《密苏里妥协》被推翻,加深了双方的分歧。
5. 极端分离主义思想。南方出现极端的分离主义思潮,主张南部脱离北方独立。这推动南方州脱离联邦,成立美利坚联盟国。
6. 林肯出任总统。林肯反对奴隶制度,上台后限制奴隶制扩张。南方州对此极为反感,宣布脱离联邦。这直接导致战争的爆发。
7. 双方误判形势。北方低估南方的决心,SOUTH方高估北方不会采取武力行动。双方的误判也加速了冲突升级和战争的爆发。
综上,美国南北战争的根源在于南北方在经济形态、政治制度和思想理念上的巨大分歧。奴隶制问题的矛盾引爆了经年累月的冲突,最终导致南方脱离联邦,北方采取武力制止,双方爆发全面内战。这场战争改变了美国的发展道路,对美国产生深远影响。",3,3
16.0,请分析美国南北战争发生的原因,文心一言,美国南北战争的根本原因是根本原因是南方种植园经济和北方资本主义经济发展之间的冲突，进而激化了阶级矛盾、种族矛盾和区域之间的矛盾。主要是南北方不断激化的利益冲突。美国独立以后，特别是在扩张领土的过程中，北方工商业资本主义和南部种植园经济沿着不同的经济道路都得到了迅速发展。但是，南北矛盾越来越尖锐。双方的矛盾主要表现在对西部新拓展土地的争夺和奴隶制的存废问题上。,1,3
17.0,请分析苏联解体的原因,Chatgpt,"苏联解体的原因复杂，其中最重要的因素包括：

经济问题：苏联的经济体系固定化、高度集中，缺乏竞争和创新，国家规划部门的实行失败，无法生产出质量和数量与国际市场接轨的产品，这种情况削弱了整个体系的生产力和效率。苏联计划经济体系的疲软导致了全国范围内的经济衰退，并使大量的资源浪费和滥用。

政治问题：苏联政治体系的领导层包括共产党内部分裂，存在权力腐败和激进思想的设存在，让更多的群众从体制内走向体制外，导致了政治不稳定。

民族主义：苏联有很强的“大俄罗斯”主义倾向，却同时掩盖了其他民族的存在，这导致了许多不同民族之间的不满和冲突。当地民族主义者认为苏联政府无法保障他们的权利，并希望获得更多自治权利。

内外压力：苏联的外交压力也不容忽视。冷战结束后，苏联与美国关系的紧张导致了苏联的经济、政治和军事困境。苏联失去了在国际上的影响力，使其难以维持一个经济和政治基础。

武器竞赛和科技创新的滞后：苏联在冷战时期跟美国进行着军备竞赛，Sputnik卫星的成功发射，使美国感到威胁，苏联开始加强投资，以期在军事防卫上保持竞争力。然而，苏联的巨额军事投资使该国面临着财政困难和经济壁垒，同时没有创新和现代化科技的进步，无法赢得冷战的争夺。

综上所述，苏联解体的原因是多方面的。其中，困扰苏联最多的是经济问题，这一问题又源于政治和文化等方方面面的因素。此外，民族主义和外部压力也是解体的重要原因。苏联解体的历史遗产，提醒后世国家政府，不应只关注于发展宏观经济，而忽略了民族、文化和政治等方面的问题。",3,3
17.0,请分析苏联解体的原因,Claude,"苏联解体的原因主要有以下几个方面:
1. 经济衰退。1980年代,苏联经济增长乏力,生产效率低下,消费品短缺,人民生活艰难。这削弱了人民对政权的信心和支持。
2. 政治民主化。1980年代,苏联领导人戈尔巴乔夫提出政治改革,给民主思想创造空间。民主运动和爱国运动不断发展,动摇政权根基。
3. 中央权力削弱。戈尔巴乔夫下台前推行的改革削弱了中央集权制,但同时也削弱了中央权威,加强各加盟共和国和地方的离心力。
4. 东欧剧变。1989年东欧剧变推翻多国共产政权,这大大动摇苏联政权的合法性基础,鼓舞加盟共和国带头脱离。
5. 国家认同感下降。苏联长期推行俄罗斯民族优先政策,加盟各族人民对苏联的认同感不断下降,独立意志不断增强。
6. 戈尔巴乔夫的软弱。戈尔巴乔夫改革未能果断推进,在东欧剧变和民主运动面前未能采取果断措施,这被视为软弱,加速政权解体。
7. 利益集团的离心。各加盟共和国和地方的政治精英及利益集团,为获得更大自主权和利益,纷纷利用改革之机推动独立。
可以看出,苏联解体是多种因素叠加作用下的必然结果。经济困难削弱民众信心,民主运动动摇政权根基。中央权威下降,加盟共和国离心力上升。戈氏改革的软弱和东欧剧变的冲击 accelerate 了这一过程。这场解体为世界政治格局的变化创造契机,对20世纪产生深远影响。",3,3
17.0,请分析苏联解体的原因,文心一言,"苏联解体的原因是复杂的，其中包括以下几个因素：

民族问题：苏联实行了一种失败的民族政策，承认和鼓励发展各民族的语言、文化等，允许各民族自治共和国有一定程度的自治。但同时，苏联的集权体制和俄罗斯人在国家政权中占统治地位的状况使“大俄罗斯主义”盛行，俄罗斯人侵犯少数民族的民族权利，这大大伤害了民族间的情感，使他们对现行的民族政策和政权产生了不满，最终导致了苏联的解体。
经济问题：苏联的经济已经处于崩盘的状态，轻工业发展不足，重工业发展过快，导致了国家的经济结构失衡。在戈尔巴乔夫上台后，他推行的一些改革措施没有取得预期的效果，加速了苏联的解体。
政治问题：苏联领导人的错误决定和领导能力的缺失也是苏联解体的原因之一。例如，在斯大林时期，苏联通过工业发展不断崛起，但后来的领导人又是一个好战分子，加速了美苏之间的矛盾，最终导致了苏联的解体。
国际环境：苏联解体也受到了国际环境的影响。在1990年代初，美国在经济和科技方面占据优势，并推行了一些扶植盟友的政策，这使得苏联在国际上的地位不断下降，最终导致了苏联的解体。
综上所述，苏联解体的原因是多方面的，包括民族问题、经济问题、政治问题和国际环境等因素。这些因素相互作用，加速了苏联的解体，导致了一个世界上最大的社会主义国家的消失。",3,3
18.0,请分析北京申奥成功的原因,Chatgpt,"北京申奥成功的原因有以下几个方面：

中国政府的支持：北京申办2022年冬奥会得到了中国政府的高度支持和重视，政府在申办过程中投入了大量的人力物力和资金。

丰富的奥运场馆：北京在申办时可以利用2008年北京奥运会中所建立起来的大量现代化奥运场馆。这些奥运场馆的设施可以被用于举办不同类型的比赛和活动。

安全和稳定：北京有着稳定和安全的政治和社会环境，从而成为奥委会成功候选的重要因素。在奥运期间，北京已经证明了其能够有效地保护奥运运动员和观众。

中国的经济实力：近年来，中国的经济快速发展，成为了全球重要的经济体。北京可以通过其强大的经济实力和丰富多彩的文化活动来为奥林匹克运动和体育文化注入新的活力。

好的形象和口碑：北京已经在国际间建立起了良好的声誉。在过去几十年里，中国的形象已经得到了大幅改善，得到了国际社会的认可。

综上所述，北京申奥成功的原因在于政府高度的重视和全面的支持，以及其拥有先进的奥运场馆设施、安全稳定的环境、强大的经济实力和良好的国际形象。",2,3
18.0,请分析北京申奥成功的原因,Claude,"北京成功申办2008年奥运会的原因主要有以下几个方面:
1. 强大的政府支持。中国政府高度重视申办奥运会,投入大量人力、财力支撑申奥工作,这为申奥提供了政治和资金保证。
2. 好的地理位置与交通。北京地理位置优越,是中国政治、文化中心,具有发达的交通系统,这有利于举办大型国际活动。
3. 雄心勃勃的建设计划。北京提出大规模改造城市环境的计划,包括新建和扩建体育场馆、交通网络、城市绿地,这符合奥委会对申办城市的要求。
4.较强的文化底蕴。北京具有深厚的历史文化底蕴,是中华历史和文化的中心,这也增强了北京申办奥运会的文化吸引力。
5.改善人权记录。北京政府采取行动改善人权记录,放松限制,释放异议人士,以weakening西方国家对中国人权问题的批评,这也有利于申奥工作。
6.游说西方国家。中国政府积极游说西方国家与奥委会成员,承诺开放市场与改善知识产权保护,以获取Western方面的支持票数。
7.民间支持度高。北京申办奥运会得到中国民众的广泛支持,这体现在申奥推广活动和志愿服务中,增强了申奥工作的认可度。
8.主办方强大实力。北京有着较为雄厚的财政实力与组织管理能力,可保证申奥成功并且圆满地举办奥运会,这也是评委会的重要考量因素。
综上,政府大力支持、优越地理条件、雄心勃勃的建设计划、丰富的文化底蕴、改善人权与公关西方、强民间支持度以及申奥方强大实力,这些都是北京成功获得2008年奥运会主办权的重要原因。这也显示出中国经济与综合国力的提升,以及融入世界的决心。",3,3
18.0,请分析北京申奥成功的原因,文心一言,"北京申奥成功的原因可以从多个方面进行分析：

国家实力的增强：随着中国国家实力的不断增强，北京作为中国的首都，其城市建设和基础设施已经达到了较高的水平。这使得北京有能力承办这一重要的国际体育赛事。
奥运会的历史传统：奥林匹克运动会是世界上最具影响力的体育赛事之一，自1924年首次在巴黎举行以来，已经在世界各地举办了29届。北京作为第二十九届奥运会的举办城市，有着丰富的奥运会举办经验。
政治支持：北京申奥成功得到了中国政府的大力支持。中国政府积极推动申奥工作，投入了大量的人力、物力和财力。此外，中国政府还与国际奥委会保持着良好的关系，得到了国际奥委会的认可和支持。
城市规划和基础设施建设：北京在城市规划和基础设施建设方面已经取得了显著的成就。北京市政府注重城市绿化、环境保护和基础设施建设，为举办奥运会提供了良好的硬件条件。
国际形象的提升：北京作为中国的首都，在国际上具有重要的地位和影响力。申奥成功可以提升北京在国际上的形象和地位，为未来的发展奠定了良好的基础。
民族团结和文化交流：北京申奥成功也得益于中国民族团结和文化交流的发展。申奥成功可以促进中国各民族之间的交流和融合，增强了中华民族的凝聚力。
企业赞助和市场开发：北京申奥成功也得益于企业的赞助和市场开发。一些知名企业积极支持申奥工作，为赛事的成功举办提供了重要的支持。同时，通过市场开发，也促进了北京旅游业和文化产业的发展。
综上所述，北京申奥成功得益于多个方面的因素，包括国家实力的增强、奥运会的历史传统、政治支持、城市规划和基础设施建设、国际形象的提升、民族团结和文化交流、企业赞助和市场开发等。",1,2
19.0,谁是第一个获得诺贝尔奖的中国人,Chatgpt,"第一个获得诺贝尔奖的中国人是陈景润先生。他于1957年荣获诺贝尔物理学奖，成为第一个获得这一奖项的中国籍科学家。陈景润先生以其对钻石和石墨原子结构的研究而闻名于世。他揭示了表明石墨和大部分晶体之间的联系的数学规律，被称为""陈-杨理论""，这理论也揭示了量子力论中的新现象。他的成果对于今天的材料科学和纳米科技的发展有很大的推动作用。",0,0
19.0,谁是第一个获得诺贝尔奖的中国人,Claude,"第一个获得诺贝尔奖的中国人是作家梅兰芳,他在1915年获得诺贝尔文学奖。
梅兰芳(1867-1932),原名梅逸仙,字景伯,号兰煊,是中国近代著名的京剧表演艺术家,也是一位杰出的戏剧理论家、作家。他以其在戏曲理论和创作上的成就获得1915年诺贝尔文学奖,这也使他成为第一个获得诺贝尔奖的中国人。
梅兰芳在戏剧表演与创作上有着卓越的成就,曾单独或联合创作过许多优秀的戏剧作品,代表作有《穆桂英挂帅》、《西厢记》、《紫钗记》等,这些作品在当时产生很大影响,被视为京剧水准的典范。作为表演艺术家,梅兰芳的唱腔精湛,擅长生动传神地诠释人物内心世界,被誉为""梅派""的创始人。
1915年,梅兰芳以其在戏曲创作上的成就,荣获当年的诺贝尔文学奖。这是中国第一个诺贝尔奖获奖者,标志着中国传统文化的优秀成果开始得到西方国家的认可与肯定,具有重要的历史意义。梅兰芳的获奖,对建立现代中国的国际形象,增强中华民族的自信心都起到了积极的推动作用。
所以,梅兰芳是第一个真正意义上的中国诺贝尔奖得主,他的获奖不仅对个人来说是一个巨大的荣誉,也具有深远的历史影响和现实意义。这一事件标志着中国文化开始走向世界舞台,彰显中华文明的藝術魅力。",0,0
19.0,谁是第一个获得诺贝尔奖的中国人,文心一言,我国第一个获得诺贝尔奖的人是李政道/杨振宁。,3,2
20.0,谁是第一个获得110米跨栏金牌的中国人,Chatgpt,第一个获得110米栏金牌的中国人是著名田径运动员刘翔。刘翔在2004年雅典奥运会上获得该项比赛的金牌，成为第一位获得此项比赛奥运金牌的中国人。此外，刘翔在2008年北京奥运会上也成功卫冕110米栏金牌，成为中国第一位连续两届获得田径奥运金牌的运动员。刘翔在中国田径界和国际田径界上都有着极高的地位和威望。,3,1
20.0,谁是第一个获得110米跨栏金牌的中国人,Claude,"第一个获得110米跨栏金牌的中国人是刘翔。
刘翔,生于1982年,辽宁沈阳人。他是中国优秀的田径运动员,擅长110米跨栏项目。刘翔于2002年首次代表中国参加釜山亚运会,就获得110米跨栏金牌,创下亚运会纪录。此后,他连续获得世锦赛、亚锦赛和亚运会110米跨栏金牌,成就辉煌。
特别是在2004年雅典奥运会上,刘翔获得110米跨栏比赛金牌,这是中国田径运动员首次获得奥运会金牌,也是中国在该项目上首面奥运会金牌。此役,刘翔以12秒91的成绩打破奥运会纪录,一举成名,被誉为""亚洲飞人""和""金牌宝贝""。
2008年,刘翔又在北京奥运会上成功卫冕110米跨栏金牌,以12秒88的成绩打破奥运会记录,实至名归,成为国民偶像和社会风潮的引领者。他的辉煌成就和服装造型更是在全球范围内掀起""刘翔热""和""跨栏热""。
刘翔带给中国的不仅是两枚110米跨栏奥运金牌,更是一种增强民族自信心和凝聚社会力量的精神感召。通过刘翔,中国乃至世界看到了中国田径运动的崛起和发展,这激发了广大年轻人对体育运动的热情。刘翔为中国田径运动和奥运事业作出了重要贡献,成就一代神话。
所以,刘翔是第一个真正意义上为中国获得110米跨栏金牌的运动员。他两次打破奥运会记录,连续在雅典奥运会和北京奥运会上夺冠,成就辉煌,为中国体育事业增添不朽荣光。他是中国体育史上一位传奇人物。",3,3
20.0,谁是第一个获得110米跨栏金牌的中国人,文心一言,2004年8月27日，刘翔在雅典奥运会男子110米栏决赛中，以12秒91的成绩夺得金牌，成为中国田径史上第一个男子奥运冠军，创造了中国人在男子110米栏项目上的神话。,3,3
21.0,谁是第一个登上太空的人,Chatgpt,第一个登上太空的人是前苏联的宇航员加加林·格尔曼·提托夫（Yuri Gagarin），他于1961年4月12日搭乘的“东方1号”飞船成功进行了太空飞行。在进行航天飞行之前，提托夫在苏联得到了严格的体能和心理测试，以确保他能够承受极端环境下极大的压力。在将近2小时的太空之旅中，他环绕地球一圈，最终在南部草原成功着陆。他的壮举为人类太空探索的历史开创了新的篇章，成为了人类进入太空时代的标志性事件。,3,1
21.0,谁是第一个登上太空的人,Claude,"第一个登上太空的人是苏联宇航员尤里·加加林。
1961年4月12日,苏联东方-1号宇宙飞船搭载尤里·加加林成功发射,在100分钟左右的空间飞行后安全返回地球。这标志着人类首次进入太空,实现了载人航天的里程碑,是人类航天史上具有重大历史意义的一刻。
尤里·加加林,1934年出生于苏联西伯利亚一个农民家庭。1960年被选拔为苏联宇航员,接受为期一年有余的入宇运动员训练。1961年4月,加加林被确定为东方计划首次载人航天的宇航员。
4月12日那天,加加林乘坐东方1号飞船发射入太空,在距离地球表面327公里的位置绕地球一周后返回。加加林在太空停留了108分钟,其间宇船约在地球上飞行了1万8千公里,速度约每秒28000公里。这次飞行验证了人体在无重力环境下的各项生理功能正常,宇船设备运行正常,标志着苏联首次载人航天取得圆满成功。
加加林在飞行后一举成名,被世人誉为""地球第一位宇航员""。这次飞行的成功使得苏联在航天领域领先美国,并在冷战中取得重大的航天优势和 moral 的胜利。它激励美国加快航天计划,加速甘迺迪宣布实施""阿波罗计划"",进一步推动了美苏太空竞赛的发展。
所以,尤里·加加林是第一个真正意义上的宇航员,他于1961年乘坐东方1号飞船首次进入太空,开创了人类航天史,成就了人类登上太空的第一个里程碑。他为人类航天事业作出了重要贡献,是人类航天史上再难忘的人物之一",3,3
21.0,谁是第一个登上太空的人,文心一言,世界上第一个登上太空的人是尤里·加加林，他于1961年4月12日，搭乘苏联“东方号”宇宙飞船升空，成为第一个进入太空的人。,3,3
22.0,谁是第一个获得图灵奖的中国人,Chatgpt,第一个获得图灵奖的中国籍科学家是姚期智。他于2000年获得图灵奖，获奖的原因是他在计算科学基础理论方面的开创性工作。姚期智被誉为计算机科学领域中的“万能学者”和“教父级”人物，他在计算科学、理论计算机科学和量子计算等领域都有过深入的研究和贡献。他的贡献不仅仅是在理论计算机科学领域，还对机器学习、人工智能、量子计算等领域的发展做出了积极的贡献。,3,2
22.0,谁是第一个获得图灵奖的中国人,Claude,"第一个获得图灵奖的中国人是吴文俊教授。
吴文俊,生于1961年,浙江宁波人。他是一位杰出的计算机科学家,长期致力于计算复杂性理论和量子计算机算法的研究。2006年,吴文俊因在量子计算机算法设计方面做出突出贡献,成为第一位获得图灵奖的中国科学家。
图灵奖是计算机界的最高荣誉,被称为""计算机界的诺贝尔奖""。20世纪90年代初,吴文俊开始研究量子计算机算法,在这一前沿领域取得一系列创新性成果。他与美国学者合作,设计出首个快速的量子除法算法,该算法效率远超经典算法。这为量子计算机算法的研制打开新思路,产生重大影响。他也提出了量子模拟系统的新模型,为相关实验研制的进展提供 theoretical 基础。
2006年,图灵奖评审委员会决定授予吴文俊该年度的图灵奖,以表彰他在量子计算机算法领域作出的卓越贡献。这是该奖项自1966年首次颁发以来,第一个授予亚洲科学家的图灵奖。吴文俊的获奖,标志着中国计算机科学研究达到世界一流水平,中国IT人才开始在国际上获得广泛认可。
所以,吴文俊是第一个真正意义上的中国图灵奖获得者。他在量子计算机算法设计方面的创新与突破性贡献,获得2006年度图灵奖,这是中国IT界首个图灵奖,具有重要的历史意义。吴文俊的获奖表明中国计算机科学家已经站在了世界前沿,对培养国内计算机科学人才和提升相关学科地位产生重大影响,标志着中国在这一领域各方面正走向世界先进水平。",3,0
22.0,谁是第一个获得图灵奖的中国人,文心一言,"图灵奖是计算机领域的国际最高奖项，颁发给那些对计算机科学和技术做出杰出贡献的人。目前为止，只有三位中国人获得过图灵奖，他们分别是：

2000年，姚期智（Yan Zhiqi）成为第一个获得图灵奖的中国人，他是美国计算机科学家，于1966年出生在上海，毕业于美国斯坦福大学。
2006年，李景异（Ai Guangbi）获得图灵奖，他是美籍华裔计算机科学家，于1986年出生在香港，毕业于美国哈佛大学。
2014年，王小云（Xiaoyun Wang）获得图灵奖，他是美国计算机科学家，于1988年出生在北京，毕业于美国普林斯顿大学。
需要注意的是，图灵奖是由英国计算机协会（ACM）颁发的，而不是由中国计算机协会（CCF）颁发的。同时，获得图灵奖并不是一件容易的事情，需要在计算机科学领域做出杰出的贡献，并且要经过严格的评选程序。",1,0
23.0,谁是第一个获得奥斯卡奖的中国人,Chatgpt,第一个获得奥斯卡奖的中国人是陈凯歌。他于2000年凭借电影《甜蜜蜜》获得奥斯卡最佳外语片奖，成为第一个获得奥斯卡奖的华人电影导演。《甜蜜蜜》是一部讲述上世纪70年代香港社会变革的影片，展现了香港人生活的点滴和变化，深受观众和评论家的好评。陈凯歌的奥斯卡获奖为中国电影工业及文化交流做出了积极的贡献，同时也为中国电影在国际上获得了更高的声誉和认可。,0,0
23.0,谁是第一个获得奥斯卡奖的中国人,Claude,"第一个获得奥斯卡奖的中国人是导演李安。
李安,生于1954年,安徽合肥人。他是著名的电影导演,以导演同性题材和家庭伦理题材电影见长。2000年,李安导演的电影《卧虎藏龙》获得第73届奥斯卡金像奖最佳外语片奖,这使他成为第一位获得奥斯卡奖的中国导演。
奥斯卡奖是美国电影艺术与科学学会颁发的电影奖项,被视为电影界的最高荣誉,获得奥斯卡奖标志着电影人的巅峰成就。《卧虎藏龙》将武侠电影与神魂穿扮相结合,展现出极高的艺术成就,深受世界电影界专业人士与观众好评。该片凭借李安的精湛导演和影片的高水准,超越语言与文化障碍,在海外获得广泛成功,成为首部在世界范围内取得商业与艺术双丰收的中国电影。
2000年,《卧虎藏龙》入围奥斯卡外语片奖的最后五强。虽然该奖项历来偏向欧洲电影,但影片的出类拔萃获得专业评审的认可,最终击败其他强劲对手,成功夺得金像奖。这是中国电影首次在奥斯卡奖上获得大奖,标志着中国电影开始获得国际社会的肯定,中国电影业迈上一个全新的台阶。
所以,李安是第一个真正意义上的中国奥斯卡奖获得者。他凭借《卧虎藏龙》获得2000年度奥斯卡最佳外语片奖,这是首个由中国导演执导的电影获得奥斯卡大奖,标志着中国电影正式进军世界舞台,是中国电影业发展史上的转折点与里程碑。李安的这一成就是对中国电影人的最大鼓舞,对世界了解中国电影与深化中西文化交流具有重要意义。",0,2
23.0,谁是第一个获得奥斯卡奖的中国人,文心一言,中国人张国荣是第一个获得奥斯卡奖的中国人。他是1980年第59届奥斯卡金像奖最佳男主角获得者，也是第一个获得奥斯卡奖的香港男演员。,0,0
24.0,中国的导弹之父是谁,Chatgpt,中国的导弹之父是钱学森。他是一位著名的航空航天专家和物理学家，在中国火箭和导弹技术的发展中做出了巨大的贡献。他曾在20世纪40年代早期开始研究火箭和导弹技术，并在中国参与了许多导弹项目的研发工作。其中最著名的项目之一是东风导弹。钱学森因其卓越的贡献而被誉为中国航空航天事业的开创者和导弹之父。,3,3
24.0,中国的导弹之父是谁,Claude,"中国的导弹之父是钱学森。
钱学森,1911-2009,湖南人,中国导弹与太空技术的奠基人,被誉为""中国航天之父""和""中国导弹之父""。20世纪50年代,钱学森负责建立和领导中国第一研究导弹的机构——五院七所,主持研制中国第一代弹道导弹东风一号,奠定中国导弹事业的基础。
上世纪50年代,钱学森访问苏联考察后,深感中国亟需发展导弹技术。1956年,他建议并实施创建中国导弹研制机构——五院七所。在苏联专家的帮助下,东风一号导弹项目很快启动,并在1960年成功试射,标志中国具备自主研制导弹的能力。
东风一号的成功,使中国成为继苏联之后第二个掌握弹道导弹技术的国家。这对国防现代化和国家安全具有重大意义。随后,在钱学森的领导下,五院七所研制了更先进的东风二号导弹、东风三号发射运载火箭等,为中国国防建设和空间探索奠定基础。
钱学森不仅是中国导弹事业的奠基人,也是中国空间技术的先驱。上世纪60年代,他提出并主持实施中国第一颗人造卫星东方红一号的研制。1970年4月24日,东方红一号成功发射,标志中国成为第五个具有人造卫星发射能力的国家,这促进空间技术和航天工业的迅速发展。
所以,钱学森是中国导弹技术和航天事业的奠基人,被称为""中国导弹之父""和""中国航天之父""。上世纪50年代,他主持建立五院七所,领导研制东风一号导弹;60年代,又提出和实施中国第一颗卫星东方红一号。钱学森的工作奠定中国导弹和航天技术发展的基石,对国家安全和科技进步产生深远影响。他是新中国科技事业发展史上最重要的人物之一。",3,3
24.0,中国的导弹之父是谁,文心一言,中国导弹之父是钱学森。,3,3
25.0,鲁迅的作品有哪些,Chatgpt,"鲁迅是中国现代文学史上最著名的作家之一，他的代表作品包括：

小说： 《狂人日记》、《阿Q正传》、《孔乙己》、《药》、《华盖集》、《彷徨》、《野草》等。

散文： 《故乡》、《自序》、《谈艺录》、《中国小说史略》、《中国文学史纲要》等。

诗歌： 《面朝大海，春暖花开》、《自嘲》、《读南湖》、《舟过安仁》等。

戏剧： 《雷雨》、《在西塘》等。

散文随笔和诗歌比小说和戏剧少，但仍然影响深远。鲁迅的作品主题往往关注社会问题和人性，直接暴露出当时中国社会的不公和人们的苦难，受到广泛的赞誉和广泛的阅读。",3,3
25.0,鲁迅的作品有哪些,Claude,"鲁迅是中国现代文学鼻祖和先驱作家,他的主要作品有:
1. 《呐喊》,这是鲁迅的第一部短篇小说集,1923年出版。包含短篇小说《狂人日记》、《孔乙己》、《药》、《明天》等,揭露了老中国的黑暗面,是新文学的第一声呐喊。
2. 《彷徨》,1925年出版的第二部短篇小说集。包含短篇小说《阿Q正传》、《故事新编》、《烈士暮年》等,继续讽刺时代的黑暗,表达作者的强烈不安和彷徨。
3. 《朝花夕拾》,这是鲁迅长篇小说创作的高峰,1928年出版。小说以北京西城的一个四合院为背景,通过几代人的命运,描写了晚清民国的社会历史变迁,具有鲜明的时代特征和历史意义。
4. 《野草》,1927年出版,第三部短篇小说集。收入短篇小说《一个叛逃的奴隶》、《新年犯》、《故乡》等,反映国民党统治下中国社会的种种弊端,具有浓烈的悲愤情调。
5. 《 selected fairy tales 》,1932年出版,是鲁迅根据中国民间故事改编的童话集,共13篇,采用西方童话的风格,寓意深刻。
6. 《华盖集》,这是鲁迅的第一部随笔集,收入1908-1923年的各种随笔文字,反映作者的思想变迁和对中国传统知识分子的批评观点。
7. 《且介亭杂文》,1930年出版,第二部随笔集,收入1924-1929年之间的随笔和演讲文字,体现作者对""激进""的高度警惕和反""imitate""西方的主张。
除此之外,鲁迅还有大量的诗歌、戏剧、文章评论与翻译作品。可说鲁迅的一生 fortune 都贡献给了中国新文学的发展。他的作品不仅在数量上占有重要地位,在质量上也达到了很高的成就,具有里程碑的意义。",3,3
25.0,鲁迅的作品有哪些,文心一言,"鲁迅的作品包括《呐喊》、《彷徨》、《坟》、《热风》、《华盖集》、《华盖集续编》、《而已集》、《三闲集》、《二心集》、《南腔北调集》、《伪自由书》、《准风月谈》、《花边文学》、《且介亭杂文集》、《且介亭杂文二集》、《且介亭杂文末编》、《集外集》、《集外集拾遗》等。

其中，鲁迅的代表作之一是中篇小说《阿Q正传》，而这部小说也是鲁迅最为著名的作品之一。除此之外，鲁迅的其他作品如《狂人日记》、《孔乙己》、《藤野先生》、《从百草园到三味书屋》等也都是中国现代文学的经典之作。",3,3
26.0,美国第一个黑人总统是谁,Chatgpt,美国第一个黑人总统是贝拉克·奥巴马（Barack Obama）。他于2009年就任第44任美国总统，成为美国历史上第一个非洲裔总统。在他的任期内，奥巴马领导了许多重要政策改革，包括医疗保健改革、穆斯林国家旅行禁令、同性恋婚姻合法化等等。他的政治成就以及对美国公民权利和平等的倡导受到了全球各个角落人民的尊重和赞扬。,3,2
26.0,美国第一个黑人总统是谁,Claude,"美国第一个黑人总统是巴拉克·奥巴马。
巴拉克·侯赛因·奥巴马,1961年出生于夏威夷,曾任美国伊利诺伊州参议员。2008年,奥巴马作为民主党候选人参选美国总统选举,并最终获得胜利,成为美国历史上首位黑人总统。
奥巴马的父亲是黑人肯尼亚人,母亲是白人美国人。奥巴马成长于夏威夷和印尼,受到亲外祖父的影响极大。1983年,奥巴马毕业于哥伦比亚大学,后获得哈佛法学院法律博士学位。作为一名民权律师和学者,奥巴马致力于为弱势群体争取权益。
1997-2004年,奥巴马首次当选伊利诺伊州参议院议员。任期内,他主张增加对医疗保健和教育的投资,反对伊拉克战争,获得民主党内部的广泛支持。2008年,在美国面临经济危机之际,奥巴马高举""改变""的旗帜,击败共和党候选人麦凯恩,当选为美国第一位黑人总统。
在位期间,奥巴马推行《经济振兴法案》应对金融危机,实施医疗改革,命令进行""猎杀本·拉登""的特种行动,结束美军在伊拉克的作战任务,在外交上提出""重返亚太""战略。2012年,奥巴马以51.1%的选票击败对手罗姆尼,成功连任,并于2013年开始其第二任期。
奥巴马的当选,标志着美国社会进步和多元文化开始深入人心。作为首位黑人总统,奥巴马的生平和政治进程,也成为美国实现民主价值和迈向种族融合的重要里程碑,具有重大的历史意义和深远影响。所以,无论从种族还是政治意义上,巴拉克·奥巴马都刻下了一段不朽的名字,成为美国历史上最重要的总统之一。",3,3
26.0,美国第一个黑人总统是谁,文心一言,美国第一个黑人总统是奥巴马。,2,3
27.0,谁发明了飞机,Chatgpt,"飞机的发明被归功于著名的美国兄弟莱特（Orville and Wilbur Wright）。在1903年12月17日，他们在北卡罗来纳州的克蒂海滩将第一架能够自主飞行的飞机成功试飞了12秒, 飞行了120英尺（约37米）。这次试飞标志着人类航空史的诞生。在接下来几年里，莱特兄弟继续改善他们的飞机，并在全球各地展示他们的发明，这促进了飞行技术的发展。莱特兄弟的发明彰显了人类实现自由飞行的巨大潜力，对现代航空工业和空军的发展产生了深远的影响。",3,3
27.0,谁发明了飞机,Claude,"飞机的发明是人类航空史上最重要的进步,它改变了人类的交通方式和战争形式。飞机的发明是多人的努力结果,主要贡献者有:
1. 莱特兄弟:威尔伯·莱特和奥维尔·莱特,美国人,他们于1903年12月17日在北卡罗来纳州的基蒂霍克完成了人类首次成功的动力飞行,飞行时间达59秒,这标志着现代航空的诞生。所以,莱特兄弟被公认为""飞机之父"",尽管他们的飞机不是第一个,但首次实现了动力、控制和重复的飞行。
2. 乔治·凯莱尔:新西兰设计师,他在蘇格兰东海岸达到飞行的里程碑,他的飞机在据说达到了140米的高度,飞行了大约1500米。这一成就于1895年5月完成,此前没有可靠的证据表明有任何飞行器达到过这种高度和距离。
3. 阿德莱尔·卡特拉斯:巴西航空先驱,14年内成功地设计、研制和飞行14架固定翼飞机和两架旋翼飞机。1906年,他发明的14-bis飞机完成了有记录的600米飞行,这使巴西成为继美国和法国之后第三个进行机动飞行的国家。
4. 费尔南多·富格:意大利工程师,他在1896年成为欧洲第一位成功飞行的人,并发明可以短期重复起降的飞行器。他的飞行距离约260英尺,仅12秒钟左右。虽然时长和距离很短,但具有里程碑的意义。
除上述人外,著名的制空权理论家杜黑,法国德国的飞行先驱也对飞机的发明起到过重要的作用。总之,飞机的发明是人类集体智慧的结晶,它改变世界,缩短地球上的距离。",3,1
27.0,谁发明了飞机,文心一言,"飞机发明者是莱特兄弟。

莱特兄弟是美国著名的航空科学家，被誉为“飞机之父”。他们在1903年12月17日进行的飞行作为“第一次重于空气的航空器进行的受控的持续动力飞行”被国际航空联合会（FAI）所认可，同年他们创办了“莱特飞机公司”。",2,3
28.0,谁发明了电灯泡,Chatgpt,"电灯泡的发明被归功于美国发明家托马斯·爱迪生（Thomas Edison）。他在1879年发明了第一支可以实际使用的长效电灯泡。这个发明标志着电气化时代的开始，也为世界带来了一种更安全、更高效的照明方式。

爱迪生团队发明的电灯泡的核心是一根炭丝灯丝，官能在高温下发射电子，从而让电流通过。这个设计的重要性在于使得灯丝的融化速度变得缓慢，从而使灯泡持续存在更长的时间。在之后的几年中，爱迪生继续对电灯泡进行改进，包括使用更耐高温的材料、更好的气体抽取和更高的灯丝纤维密度等等。这些改进最终让电灯泡成为一个实用、方便的工具，改变了全球照明方式并推动了人类生活的巨大进步。",2,3
28.0,谁发明了电灯泡,Claude,"电灯泡的发明是照明史上的一大进步,它使人类可以在夜晚获得光明。电灯泡的发明是多个人的努力结果,主要贡献者有:
1. 爱迪生:托马斯·爱迪生,美国发明家,被称为""电的魔法师""。1879年,他发明了第一个实用的电灯泡,许多人视其为电灯的发明者。爱迪生并非第一个发明电灯泡的人,但他开发的碳丝灯泡可以持续发光40小时,这使其成为第一个商业上可行的电灯。
2. 郎耳奴马:俄国物理学家亚历山大·涅法罗夫和拉弗托夫在1835年制造了第一颗真正的电灯泡。它采用真空玻璃管和碳丝线,可以持续发光30小时。这一发明标志着现代电灯泡雏形的诞生。
3. 史瓦西:英国化学家哈umphry Davy于1802年发明了第一个电弧灯,使用碳极发光,这一发明奠定了电灯泡的基础,但只是初步的尝试,并不能持续长时间发光,实用价值不大。
4.桑,拉斯特:俄罗斯物理学家亚历山大·拉斯特于1874年首次在真空玻璃泡中使用碳丝发光,发明了类似现代电灯泡的装置,但只能发光几分钟。这为后来的发明奠定了基础。
除上述人外,荷兰化学家范安赫斯,美国玻璃工业先驱Corning兄弟也对电灯泡的发展作出过重要贡献。可以说,电灯泡是多个人长期努力和发明的结果,爱迪生的商业化发明标志着电灯泡的真正意义上的诞生,并使其开始改变人类的生活。
所以,爱迪生虽然不是电灯泡的唯一发明者,但他发明的长效和实用的碳丝灯泡,使电照明得以广泛应用于家庭和工厂,真正改变世界,所以他被公认为电灯的发明者,这是完全符合历史的。",3,1
28.0,谁发明了电灯泡,文心一言,"电灯泡是由亨利·戈培尔发明的。他被称为“灯泡之父”，因为他发明了世界上第一批真正意义上的电灯泡，也就是金属螺旋密封的玻璃壳的灯泡，可以使用90分钟或直到灯丝烧断才熄灭。虽然爱迪生在1891年12月已经发明了钨丝白炽灯，但是金属螺旋密封的灯泡则是由戈培尔发明的。

戈培尔的发明使电灯在19世纪50年代开始普及，并且一直沿用至今。在此之前，人们使用的是煤气灯或蜡烛，这些都需要人工点燃或者用火柴或打火机点燃。而电灯泡的发明极大地改变了人们的生活方式，在夜间，我们可以点亮房间而不必开启室内照明灯具。

爱迪生在他的实验室里研制出了白炽灯，但是他并没有立即申请专利，而是等到晚年才拿出这项发明并声称它是自己的专利。然而，白炽灯的发明过程实际上早在1876年就已经有所描述，当时由纳斯洛·迪龙提出，爱迪生进一步发展了这个想法。所以爱迪生实际上是第一个发明电灯泡的人，但他并没有在第一时间内申请专利。",1,0
29.0,谁发明了汽车,Chatgpt,"汽车的创始人有很多，它是一个融合了多个人的发明。但是，德国工程师卡尔·本茨（Karl Benz）被广泛认为是第一个制造并拥有汽车的人，也被称为汽车之父。

在1885年，卡尔·本茨发明了一辆有三个轮、并由具有内燃机的车辆。这辆“马车无马”通过燃烧汽油来提供动力，并引领了现代汽车工业的开始。同年秋天，卡尔·本茨还生产了第一辆四轮汽车，并获得了车辆专利。

除此之外，迪奥多·冯·卡门(Trouvé)于1881年发明了一辆蒸汽汽车（tricycle）,另有一些人，例如尼古拉·奥托(Nikolaus Otto)、高尔·戴姆勒(Gottlieb Daimler)和卡尔·威廉·玛克斯·自因（Carl Wilhelm Max Slevogt）也做出了不同贡献，促进了汽车发展和普及。",3,2
29.0,谁发明了汽车,Claude,"汽车的发明是工业革命后的一大成果,它彻底改变了人类的交通方式和生活状态。汽车的发明是多个人长期努力的结果,主要贡献者有:
1. 卡尔·本茨:德国工程师,被公认为现代汽车之父。1885年,他发明了配有汽油发动机的""汽车三轮车"",这被视为第一辆真正意义上的汽车。1886年,本茨发明了配有四个车轮的""专利摩托车""。所以,本茨进行了汽车关键部件的发明和整合,真正使汽车成为现实。
2. 奥古斯特·丢居:法国工程师,他在1863年制造了一辆三轮蒸汽机驱动的路车,这是第一辆燃气机驱动的交通工具,被称为""真正的汽车""。丢居对汽车技术的贡献主要在于使用蒸汽机驱动和转向装置。
3. 吉奥塔诺·布吉亚里尼:意大利发明家,1869年他制造了一辆三轮蒸汽驱动的""自行车"",这是第一辆可以自主移动或转向的蒸汽驱动交通工具。布吉亚里尼的发明对汽车的诞生起重要作用。
4. 沃尔特·昂:奥地利工程师,1888年他设计了一种燃料内爆发动机,后来这一发明被应用于第一辆有四个车轮和舷窗的汽车。昂也是汽车早期的重要贡献者。
除此之外,法国的安德烈·古斯塔夫·特洛佛,美国的班贾明、乔治·B·萨洛门等人,也在汽车技术创新和发展中扮演重要角色。可以说,汽车的发明是人类技术积累和进步的结果,需要多个领域的知识整合,需要多个人的努力才得以实现。虽然本茨对此作出了关键性贡献,但汽车的发明绝不是一人一时的功劳,它属于整个人类发明史上的重要里程碑。
所以,卡尔·本茨对汽车的发展起着举足轻重的作用,他集各家之长,真正使汽车成为一种实用的交通工具。虽然不能说他单独发明了汽车,但他是汽车问世的关键人物,完全 deserve 被称为“汽车之父”的荣誉。",3,1
29.0,谁发明了汽车,文心一言,"汽车的发明者是卡尔·弗里德里希·本茨。

卡尔·弗里德里希·本茨（Karl Friedrich Benz，1844年11月25日－1929年4月4日），出生于德国巴登-符腾堡州的卡尔斯鲁厄，德国著名的戴姆勒-奔驰汽车公司的创始人之一，现代汽车工业的先驱者之一，人称“汽车之父”、“汽车鼻祖”。",2,3
30.0,谁发明了轮船,Chatgpt,"轮船的发明和完善是一个经历了漫长漫长过程的过程，没有单一的发明者。然而，由于他的努力和成就，美国的罗伯特·弗尔顿（Robert Fulton）被普遍认为是最先成功推广并完善蒸汽动力轮船的人。

在1807年，弗尔顿的船“北河号”启动并开始了它的运行。这艘船是一艘蒸汽机轮船，能够在众所周知的“克莱蒙特号”的第一次成功之前每天从纽约到奥尔巴尼周转一次，旨在改善纽约市与五大湖之间的交通状况。

弗尔顿的成就在于通过改进蒸汽机的设计使之更加高效、可靠和实用。随着蒸汽机技术的增强和轮船的改进，轮船逐渐变得更加安全和可靠，从而催生了世界各地的海运工业，推动了世界贸易的发展和全球化的出现。",3,3
30.0,谁发明了轮船,Claude,"轮船的发明是人类远洋航行史上的一个重大进步,它推动了航海时代的开始和世界各地的贸易联系。轮船的发明是漫长历史进步的结果,主要贡献者有:
1. 罗伯特·富尔顿:美国发明家,被称为“现代轮船之父”。1807年,他发明了首条利用水翼和螺旋桨驱动的蒸汽船,这是世界上第一条成功的商业蒸汽轮船,标志着轮船时代的到来。所以,富尔顿的发明实际上使轮船得以真正实现。
2. 詹姆斯·瓦特:苏格兰发明家,他改进了蒸汽机使其可以用于船舶推进。1787年,他制造了一条小型蒸汽船并申请专利。虽然这艘船从未投入实际使用,但瓦特的改进为轮船的发展奠定了理论基础。
3. 约翰·斯蒂文森:英国工程师,被视为蒸汽轮机的发明者。他在1788年制造了一艘配有蒸汽机的小船,后来这项技术在1807年应用于罗伯特·富尔顿的蒸汽轮船。所以,斯蒂文森对轮船功不可没。
4. 罗伯特·布鲁内尔:美国设计师,1845年他设计的大轮船SS Great Britain是世界上第一艘铁制螺旋桨蒸汽船,它标志着现代轮船设计的诞生。布鲁内尔对现代轮船的发展作出了重要贡献。
除此之外,荷兰人格尔特·肖特,法国建筑师梅里森等也在轮船发展史上扮演过重要角色。可以说,轮船的发明需要航海学、造船学和蒸汽机等多方面的积累和创新,它是人类智慧和创造的结晶,需要数人乃至几代人的努力。
所以,罗伯特·富尔顿虽然发明了首条商业化蒸汽轮船,但轮船的发明并非个人功劳,它是推进人类交往和航海史的重大发明,属于整个人类的贡献,需要在时间维度上去理解和把握。富尔顿的发明开启了轮船时代,令其名垂青史,这是毫无争议的。但同时也需要看到,他的发明建立在前人基础之上,并推动后人不断改进。所以,他是“现代轮船之父”,但轮船的发明本身,则是人类集体智慧的结晶。",3,2
30.0,谁发明了轮船,文心一言,"轮船是美国发明家富尔顿发明的。

富尔顿是1765年11月14日出生的美国著名工程师，他是轮船的发明者，1803年制造了第一艘以蒸汽机作为动力的轮船。",3,2
31.0,谁发明了蒸汽机,Chatgpt,"蒸汽机的发明被归功于英国工程师詹姆斯·瓦特（James Watt）。在1765年左右，瓦特对当时已经发明的蒸汽机进行了改进，使其效率大幅提升。他发明了一种新型的蒸汽机，它由一个制造了真空环境（也称为""瓦特泵""）和一个高效的下活塞设计组成，可以将蒸汽循环流通来驱动机器运转。这种改进让蒸汽机成为了一种更为实用的动力源，并成为了工业革命中的重要推动力量。

瓦特的改进还包括通过在机器上制造一个离合器，使机器可以通过调整可以选择与其他机器块的连接方式而实现可编程。瓦特的技术使得蒸汽机的工作更为高效，从而使得机器工业成为了现代工业社会的基石。",3,1
31.0,谁发明了蒸汽机,Claude,"蒸汽机的发明是工业革命的标志,它改变了人类的生产方式和交通运输。蒸汽机的发明是多个人长期探索和改进的结果,主要贡献者有:
1. 詹姆斯·瓦特:苏格兰发明家,被称为""蒸汽机之父""。1765年,他改进了蒸汽机,发明了具有实用价值的蒸汽机,这是世界上第一台真正用于生产的蒸汽机,标志着蒸汽时代的开始。所以,瓦特进行了关键性的发明创新,实现了蒸汽机的实用化。
2. 托马斯·纽科姆:英国发明家,他在1705年制造了第一台重要的蒸汽机模型。这台机器首次明确使用了蒸汽机的基本原理:将水转换为蒸汽,然后让蒸汽产生运动。纽科姆对蒸汽机理论的贡献起到了重要作用。
3. 裴特·蒙古尔菲耶:法国发明家,被称为""蒸汽动力之父""。1698年,他提出了蒸汽机的理论基础,并于1707年制造了世界上第一台实用蒸汽动力装置模型。虽然这台机器较小,作用也较窄,但验证了蒸汽机原理的可行性。
4. 托马斯·萨弗里:英国发明家,他于1698年制造了世界上第一台作用于实际生产的蒸汽引擎。这台简单的蒸汽机被用于排水工作,标志着蒸汽机实际应用的开始。
除此之外,瓦茨、瓦特的推进者约翰·西姆、詹姆斯·豪尔等人,也在蒸汽机理论和实践创新中扮演过重要角色。可以说,蒸汽机的问世需要理论和实践的结合,需要机械、力学等多方面的知识积累,需要多个人和几代人的努力才最终得以实现。
所以,虽然詹姆斯·瓦特发明了首台用于实际生产的蒸汽机,实现了蒸汽机的实用化,但蒸汽机的发明并非个人功劳。它属于推动工业革命的伟大发明,是人类集体智慧的结晶。瓦特毫无疑问是“蒸汽机之父”,但蒸汽机的发明本身,则是整个18世纪乃至更长时期努力的结果。只有在这种意义上,我们才能真正理解蒸汽机这个划时代的发明。",3,4
31.0,谁发明了蒸汽机,文心一言,蒸汽机是古希腊数学家亚历山大港的希罗发明的，他发明的汽转球是蒸汽机的雏形，后来经过瓦特的改良，对蒸汽机做了重大改进，使蒸汽机实现了现代化，大大提高了蒸汽机的效率。,2,2
32.0,世界上最大的大学是哪个,Chatgpt,世界上最大的大学是印度尼西亚的印度尼西亚回教国立大学（Indonesia Islamic University），学生人数超过了50万名。这所大学位于雅加达，成立于1945年，是印度尼西亚最古老和最具规模的大学之一。该大学以伊斯兰教为中心，并提供大量的文、理、工、医等学科。由于印度尼西亚人口众多且教育水平的追求日益增长，因此这所大学已成为全球最大的大学之一。虽然它的人数庞大，但该大学一直在努力提供高素质的教育，培养高质量的毕业生。,2,1
32.0,世界上最大的大学是哪个,Claude,"世界上最大的大学通常是指拥有最多学生数的大学。按照这个标准,全球最大的大学分别是:
1. 印度的印度人民大学:成立于1916年,总部位于新德里,是一所公立大学。它拥有超过3.2万名在校学生,约3万名在读博士生,是世界上最大的大学,也是印度最大的大学。
2. 瑞典的瑞典开放大学:成立于1977年,总部位于斯德哥尔摩,是一所公立大学。开放大学面向远程和非传统学习者,拥有超过4万名学生,其中三分之一是全日制学习的学生。
3. 土耳其的安卡拉大学:成立于1946年,位于土耳其首都安卡拉,是土耳其最大和历史最悠久的大学。安卡拉大学共有17个院系,拥有约7.8万名在校学生,是世界第三大大学。
4. 中国的湖南大学:成立于1951年,位于长沙市,是中国最古老和最著名的大学之一。湖南大学共有9个院系,拥有近70万名在校学生,其中大约60%是本科生,约28%是研究生。规模巨大,堪称世界最大大学之一。
除此之外,位于埃及开罗的开罗大学,日本的明治大学,也都拥有50多万名学生,可位列世界最大大学之列。这些大学不仅规模巨大,而且在国内具有重要的地位和影响力,是人才培养和研究的重要基地。可以说,大学之大,不仅体现在学生数量,更体现在其对社会发展的贡献上。
所以,从严格意义上来说,全球最大的大学还是有些争议的。但无论从学生数量还是对社会影响力来看,印度人民大学、瑞典开放大学和中国湖南大学,都必定位居世界大学之最,这是毫无争议的。它们之所以大,不仅因为规模,更因为Significance。这可能是判断一所大学是否最大的最重要标准。",2,0
32.0,世界上最大的大学是哪个,文心一言,"世界上最大的大学是纽约州立大学系统，它包括64个分校和研究机构，拥有近47万名在校学生和8万多名教职员工，是全球最大的大学教育系统。该系统拥有丰富的课程和学位项目，包括本科、硕士和博士学位。学生可以根据自己的兴趣和目标选择不同的学校和专业。

纽约州立大学系统的规模和课程种类都非常丰富，学生可以在这个大学系统中找到适合自己的教育机会。该系统的教学质量和研究水平也得到了广泛的认可，有许多世界著名的教授和研究人员在该系统工作。",1,2
33.0,世界上最高的大楼是哪个,Chatgpt,"世界上最高的大楼是迪拜的哈利法塔（Burj Khalifa），高828米。这座大楼由阿联酋迪拜的政府投资并进行建设，在2010年1月4日完工并对外开放。

哈利法塔拥有多个用途，包括豪华酒店、高级住宅、商店和办公区。大楼的结构体系采用了世界先进的技术和工艺，以抵御强风和地震等自然灾害。在大楼内部，游客可以乘坐高速电梯，欣赏到迪拜城市和周边地区的美景。在夜晚，哈利法塔被灯光照亮，煞是壮观。

哈利法塔的高度超出了许多其他世界著名的高楼大厦，如中国的上海中心大厦，高632米，以及美国的金融中心大厦，高541米。",3,3
33.0,世界上最高的大楼是哪个,Claude,"世界上最高的大楼通常是指高度最大的建筑物。截止到2020年,全球最高的大楼分别是:
1. 美国的洛斯维加斯Stratosphere塔:高1,149英尺,位于美国内华达州的拉斯维加斯。这是一座观光塔,建于1996年,拥有酒店、餐厅、空中跳伞等等。
2. 中国的上海中心大厦:高1,152英尺,位于上海浦东陆家嘴金融贸易区,于2020年完工,是上海第一高楼。上海中心拥有办公、酒店、观光等多种用途,标志着中国超高层建筑的发展水平。
3. 中国的广州塔:高1,396英尺,位于广州市,竣工于2010年。这是一座多功能的观光塔,拥有4D影院、旋转餐厅等景点设施。
4. 阿拉伯联合酋长国的哈利法塔:高1,824英尺,位于阿布扎比,建于2010年。这是阿联酋标志性建筑,也是首个超过800米的人造建筑。哈利法塔融合了阿拉伯传统风格和现代技术,既是办公商业大楼,也是观光景点。
5. 中国的上海中心大厦二期:高2,073英尺,还在建设中,预计2021年竣工。这将是全球第一座迈超2000英尺的超高层建筑,象征着人类建筑技术的最高成就。
除此之外,埃及的吉萨金字塔,日本的东京晴空塔,马来西亚的吉隆坡塔也都超过1400英尺,位居世界最高建筑之列。可以说,建造高度巨大的建筑,是全人类的共同梦想,能够彰显时代技术发展的最高水平。未来,人类将建造更高大的建筑,这是技术进步的重要标志。
所以,从现有数据来看,美国的Stratosphere塔处于世界第一高楼的位置。但未来几年,随着中国上海中心大厦二期和吉达国王塔等更高大厦的完成,世界最高楼的排名也必然发生变动。人类对高度的追求,将是永无止境的。",1,0
33.0,世界上最高的大楼是哪个,文心一言,"目前，世界上最高的大楼是哈利法塔（Burj Khalifa），位于阿拉伯联合酋长国迪拜市，高度为828米，共有162层，建成于2010年。它是人类建筑史上的奇迹，由美国SOM建筑设计事务所和建筑师阿德里安·史密斯合作设计，历时6年建成。哈利法塔不仅是世界上最高的建筑，还拥有其他很多“最高”的“头衔”，包括世界上最高的独立结构体、最高的楼层数、最高的使用楼层、最高的室外观光平台（124层）、最高的酒吧（143层）、行程最大的电梯和最高的服务电梯。此外，哈利法塔还有4个避雷针，为保护塔身提供了额外的保护。

除了哈利法塔，世界上还有许多其他著名的高楼，如台北101大楼、上海环球金融中心、国家石油公司双子星大楼等。这些大楼都在不同的方面展示了人类建筑的创新和发展。",2,3
34.0,世界上最大的飞机是哪个,Chatgpt,"世界上最大的飞机是斯特拉托拉克（Stratolaunch），它是一款由美国斯特拉托拉克系统公司研发的超大型双体飞机。该飞机的翼展达到了117米，相当于一个足球场的长度，是目前世界上翼展最大的飞机。它的空重640,000磅（约290.3吨），需要六台涡轮增压引擎来为它提供动力，最大起飞重量可达到1,300,000磅（约589.7吨）。

斯特拉托拉克用于发射卫星的飞行载具。在飞行时，它可以将发射载具搭载到高高飞行的平台上，随后在空中释放它们，使它们进入所需的轨道。这种方案可以帮助发射航天器的成本更低，且更加灵活。

斯特拉托拉克的设计基于波音747客机，但是比747要大得多。它不仅有着翼展巨大、载重能力强等特点，还可以在各种天气条件下进行飞行。",1,2
34.0,世界上最大的飞机是哪个,Claude,"世界上最大的飞机通常是指最大的客机或货机。按照这个标准,全球最大的飞机分别是:
1. 空中客车A380:是全球最大的客机,可容纳555名乘客。A380长72.7米,高24.1米,翼展261.8米,最大起飞重量达560吨。它是空中客车公司的旗舰机型,被誉为""超级巨无霸""。
2. 安托诺夫An-225:是全球最大的货机,由乌克兰安托诺夫设计局制造。An-225长84米,高18.1米,翼展88.4米,最大起飞重量达640吨,可载重165吨。它主要用于运输超大型和超重量货物。
3. 货机Antonov An-124:是世界第二大货机,也由乌克兰安托诺夫设计局制造。An-124长68.96米,高21.08米,翼展73.3米,最大起飞重量405吨,可载重150吨。它主要运用于大型机械、直升机等物资的空运。
4. 美国飞机C-5迷你星球号:是美军使用的最大军用运输机。C-5长247英尺,高65英尺,翼展222英尺,最大起飞重量达736吨。它主要用于大型军用装备、运兵等战略空运。
5. 俄罗斯飞机An-22:是前苏联时期研制的大型运输机,一度是世界最大货机。An-22长52米,高14米,翼展64米,最大起飞重量220吨,可载重60吨。现已停产,但部分还在服役。
除此之外,中国运20运输机等也都超过200吨的最大起飞重量,堪称世界最大飞机之一。可以说,人类对飞行器的造型大小,一直在不断推陈出新,这也是技术创新和空中运输发展的一大标志。
所以,从现有最大载重和尺寸来看,空中客车A380是全球最大的客机,乌克兰的An-225货机是全球最大的货机,这两种飞机已经达到目前人类飞机的最大极限,可谓""空中巨无霸""。但未来,人类定会研发出更大更先进的飞行器,这是科技进步的必然结果。",1,1
34.0,世界上最大的飞机是哪个,文心一言,"目前，世界上最大的飞机是波音747，它的机身长度为92.8米，翼展宽度为76.5米，高度为30.6米，最大起飞重量为535吨，载重量为170吨，机舱内可以乘坐456名乘客。

波音747是波音民用飞机集团开发的一种中到大型宽体双引擎喷气式客机。波音747开创了大型喷气式客机的新时代，是当今航空工业的颠峰之作，从1963年开始服役以来，就成为了世界上最受欢迎、使用范围最广的客机。",1,1
35.0,世界上最大的国家是哪个,Chatgpt,"世界上最大的国家是俄罗斯联邦，其领土面积为17,098,242平方千米。俄罗斯位于欧亚大陆，横跨欧洲和亚洲两大洲，边界连绵5000多公里，与多个国家接壤，是世界上疆域最广的国家之一。此外，俄罗斯还通过极地与北极海相连。由于其广阔的领土，俄罗斯拥有丰富的自然资源，如石油、天然气、铁矿等等，并且在世界经济和政治中具有重要的影响力。",3,3
35.0,世界上最大的国家是哪个,Claude,"世界上最大的国家通常是指陆地面积最大的国家。按这一标准,全球面积最大的国家是:
1. 俄罗斯:总面积约1710万平方公里,覆盖东欧和北亚大部分地区。俄罗斯东西横跨欧亚大陆,北临北冰洋,面积约占世界陆地总面积的1/8。
2. 加拿大:总面积约990万平方公里,位于北美洲北部,东西横跨北美大陆。加拿大北部和西部三面临太平洋和北冰洋,东面与美国接壤。
3. 中国:总面积约960万平方公里,位于亚洲东部、太平洋西岸。中国南北跨度广阔,东临东海和黄海,西枕喜马拉雅山脉,并与多个国家接壤。
4. 美国:总面积约960万平方公里,横跨北美洲中部和西部。美国除阿拉斯加和夏威夷外与加拿大和墨西哥接壤,西临太平洋,东面大西洋,南临墨西哥湾。
5. 巴西:总面积约850万平方公里,覆盖南美洲东部和中部地区。巴西东西横跨南美大陆,北面与委内瑞拉、圭亚那和苏里南接壤,西南面临大西洋。
除此之外,澳大利亚、印度、阿根廷等国家地域辽阔,也属于世界最大国家之列。这些国家拥有广袤的国土,拥有丰富的自然资源,但也面临着如何合理开发和利用国土的问题。
所以,从地理位置和总面积来看,俄罗斯、加拿大、中国位居世界三大国家之首,这一点毫无争议。但国家的大,不仅体现在面积之广,也体现在国家实力和国际影响力方面。就目前而言,美国虽然面积仅位居世界第4,但由于综合国力强大,在世界上发挥着关键性作用。所以,""最大国家""这个概念,还需要从更广义上去理解和判断。 ",3,2
35.0,世界上最大的国家是哪个,文心一言,"世界上最大的国家是俄罗斯。

俄罗斯位于欧亚大陆北部，地跨欧亚两大洲，国土面积为1707.54万平方公里，占世界陆地面积的12.7%，是世界上面积最大的国家。",3,3
36.0,世界上人口最多的国家是哪个,Chatgpt,截至2021年，世界上人口最多的国家是中国，其人口总数超过14亿。中国位于亚洲大陆东部，拥有广阔的领土和多元化的文化。虽然中国的人口总数很高，但是在过去几十年，中国取得了很大的经济和社会进步。随着中国在科技、经济、文化和全球事务中日益崛起，其在全球的影响日益增大，成为具有重要地位和影响力的国家。,1,3
36.0,世界上人口最多的国家是哪个,Claude,"世界上人口最多的国家通常是指总人口数最大的国家。按这一标准,人口最多的国家分别是:
1. 中国:总人口约14亿,是世界人口最多的国家。中国大约占世界人口总数的18%,居住在相对较小的可居住土地面积上。中国人口数量庞大,人口结构也较为年轻,这也给经济社会发展带来机遇和挑战。
2. 印度:总人口约13.6亿,位居世界第二。印度人口增长速度较快,人口结构也较为年轻,这将对未来印度的发展产生重要影响。
3. 美国:总人口约3.3亿,是西方发达国家中人口最多的国家。美国人口增长主要依靠移民,人口增长速度较慢,人口结构也较为老龄化。
4. 印度尼西亚:总人口约2.7亿,是东南亚人口最多的国家。印尼人口数量较大且增长速度较快,人口结构较年轻,这给经济发展带来活力但也带来挑战。
5. 巴基斯坦:总人口约2.2亿,人口增长速度较快,年轻人口较多,城市化水平较低。巴基斯坦人口规模和增长都对贫困、失业等社会问题构成压力。
除此之外,巴西、俄罗斯、墨西哥等国家人口也超过1亿,属于世界人口大国。这些国家共同面临的挑战,是如何兼顾人口增长与经济社会发展,提高人民生活水平。
所以,无论从现有总量还是增长潜力来看,中国和印度都是人口超级大国,这一点毫无疑问。两国人口的变化,将深刻影响世界人口结构和趋势。而其他人口大国,也均面临着平衡人口增长与发展的难题,这些国家的人口政策和发展道路,也将成为全球关注的焦点。可以说,人口问题已成为影响各国乃至全球经济社会发展的重要因素。",1,3
36.0,世界上人口最多的国家是哪个,文心一言,"世界上人口最多的国家是中国，总人口数为14.1178亿。中国是一个拥有悠久历史和丰富文化的国家，也是世界上人口最多的发展中国家之一。在过去几十年里，中国的经济和社会发展取得了巨大的成就，人民生活水平得到了显著提高。同时，中国也面临着一些挑战，例如人口老龄化、环境污染、医疗保障等问题。

印度是世界上人口第二多的国家，总人口数为13.24亿。印度是一个拥有悠久历史和文化的国家，但在过去几十年里，其经济和社会发展也面临着一些挑战，例如贫困问题、土地纠纷、政治动荡等。

美国是世界上人口最多的发达国家，总人口数为3.25亿。美国的经济和科技实力非常强大，但也面临着一些问题，例如人口老龄化、社会不平等、政治分裂等。

除此之外，巴西、尼日利亚、印度尼西亚、巴基斯坦、孟加拉国等国家的人口也比较多。总的来说，世界上人口最多的国家仍然是中国。",1,1
37.0,世界上最小的国家是哪个,Chatgpt,世界上最小的国家是梵蒂冈城国（Vatican City），也被称为梵蒂冈。它位于意大利的首都罗马市内，面积仅有0.44平方千米。梵蒂冈国是由罗马天主教教廷所管辖，并被认为是世界上唯一的教廷城邦。它有自己的货币、邮政系统、广播电台和报纸等独立的制度。梵蒂冈拥有许多历史遗址，如圣彼得大教堂、梵蒂冈博物馆、西斯廷教堂等，是世界上最著名的旅游胜地之一。,3,3
37.0,世界上最小的国家是哪个,Claude,"世界上最小的国家通常是指面积最小的主权国家。按这一标准,全球面积最小的国家是:
1. 梵蒂冈城国:位于意大利罗马城内,面积仅0.44平方公里,是世界上最小的国家。梵蒂冈是天主教的中心,有800多名居民,大部分是教堂职员。
2. 莫纳哥:位于法国南部地中海沿岸,面积2.02平方公里。莫纳哥是君主立宪制的公国,人口约3.8万,以赌博和旅游业为主。
3. 拉脱维亚:位于加勒比海,面积3平方公里。拉脱维亚是君主立宪制的王国,人口约32000人,以旅游业和金融业为主要产业。
4. 圣马力诺:位于意大利半岛,面积61平方公里。圣马力诺是一个君主立宪制的共和国,人口约33000人,经济主要依靠旅游业和银行业。
5. 列支敦士登:位于瑞士和奥地利边境,面积160平方公里。列支敦士登是一个君主立宪制的公国,人口约3.8万,经济支柱是旅游业和金融业。
除此之外,太平洋岛国图瓦卢、所罗门群岛的纳尔逊岛等,面积也只有几百平方公里,属于世界最小国家之一。这些微型国家面积极小,但大多拥有高度自治权,有自己的文化和政治制度。
所以,从地理位置和面积大小来看,梵蒂冈城国无疑是世界上最小的国家,这一点毫无争议。但""最小""不等同于""微弱""或""不重要""。即使地理上极小,这些国家也拥有悠久的历史和丰富的文化遗产,在国际社会中也发挥一定作用。所以,""最小国家""这个概念,需要在文化和政治意义上得到拓展和理解,不能过于狭隘地仅以面积大小来界定。
这些微小国家的存在,也体现出国际社会对各国自决和文化多样性的尊重。它们虽小,但同样拥有与生俱来的主权和发展权。这一点,也值得我们在看待""最小国家""这个概念时加以体察。",3,2
37.0,世界上最小的国家是哪个,文心一言,梵蒂冈是世界上最小的国家，国土面积大约0.44平方公里，相当于1.6个鸟巢。梵蒂冈城国，简称“梵蒂冈”，位于欧洲意大利罗马城西北角的高地上，首都梵蒂冈城，官方语言为意大利语和拉丁语，信奉天主教，常住人口约800人，大多为神职人员。,3,3
38.0,世界上人口最少的国家是哪个,Chatgpt,世界上人口最少的国家是图瓦卢（Tuvalu），其人口约为1.1万人。这个南太平洋岛国由9个环礁和岛屿组成，总面积不到26平方公里。,1,0
38.0,世界上人口最少的国家是哪个,Claude,"世界上人口最少的国家通常是指总人口数量最小的主权国家。按这一标准,人口最少的国家是:
1. 瓦图岛:位于大西洋南部,面积约26平方公里,总人口仅约6600人。瓦图岛是东加勒比地区经济最落后且人口最稀少的国家之一。
2. 圣多美和普林西比民主共和国:位于印度洋西部,面积1001平方公里,人口约2.1万人。圣多美靠农业为主,人口生活水平较低。
3. 瑙鲁共和国:位于太平洋西部,面积21平方公里,人口仅1.1万人。瑙鲁是世界上最狭小的岛国之一,主要靠旅游业和捕鱼业维持经济。
4. 图瓦卢:位于拉布拉帕群岛,面积仅26平方公里,人口约1.2万人。图瓦卢人口少,经济落后,高度依赖捕鱼业和旅游业。
5. 帕劳共和国:位于米克罗尼西亚,面积459平方公里,人口约2.1万人。帕劳主要依靠渔业和旅游业维持经济,人口生活水平较低。
除此之外,密克罗尼西亚联邦的马里亚纳群岛、诺福克岛、码头威尔群岛等国家因地理狭小和经济不发达而人口极少,也属于世界人口最少国家之列。
所以,从人口数量和人口密度来看,瓦图岛、圣多美和图瓦卢应属人口最稀少的国家,这一点毫无争议。因面积小、经济落后和环境恶劣,这些国家难以维持较大人口,人口增长也相对缓慢。可以说,世界上大多数人口最少的国家,同时也是经济最不发达和生活水平较低的国家,二者之间存在着密切的相关性。
这些人口极少的小国,生存和发展都面临着较大困难。加强与其他国家的经济技术合作,提高生产力和生活水平,已成为这些国家发展的重要手段和途径。人口问题,需要在更广阔的经济社会发展背景来考虑和研究。",1,0
38.0,世界上人口最少的国家是哪个,文心一言,世界上人口最少的国家是梵蒂冈城国，位于意大利首都罗马的西北部，面积只有0.44平方公里，常住人口仅540人，大多为神职人员，是全球领土面积最小、人口最少的国家。,2,得3分。
39.0,世界上跑得最快的人是哪个,Chatgpt,目前，世界上跑得最快的人是牙买加的短跑选手乌塞恩·博尔特（Usain Bolt），他在2009年的柏林世锦赛上以9.58秒的成绩打破了男子100米的世界纪录。此外，他还在2012年和2016年连续三次夺得奥运会男子100米、200米和4x100米接力项目的金牌。,3,3
39.0,世界上跑得最快的人是哪个,Claude,"世界上跑得最快的人通常是指100米和200米的男女运动员。按照体育记录和成绩来判断,目前全球跑得最快的运动员是:
1. 乌桑·博尔特(Usain Bolt):牙买加短跑运动员,被称为""闪电博尔特""。他保持着100米和200米世界纪录,最快100米成绩为9.58秒,200米成绩为19.19秒。博尔特被公认为男子短跑运动的传奇,他的世界纪录至今仍未被超越。
2. 弗洛伦斯·格里菲斯-乔伊纳(Florence Griffith Joyner):美国短跑运动员,被称为""佛罗伦萨飞人""。她保持着100米和200米世界纪录,最快100米成绩为10.49秒,200米成绩为21.34秒。格里菲斯曾获得1988年首尔奥运会3金2银,是美国田径史上最成功的女子短跑运动员。
3. 拉什苏阿(Elijah Manangoi):肯尼亚中长跑运动员。他是1500米種目世界纪录保持者和世锦赛冠军,最快成绩为3分28.80秒。作为一名中长跑运动员,拉什苏阿的速度和成绩也属世界顶尖。
4. 伊沃娜·斯威泰塞(Ivona Stinic):乌克兰长跑运动员。她是5000米和10,000米保持者和欧洲纪录保持者,最快5000米成绩为14分39.32秒,10,000米成绩为30分33.30秒。斯威泰塞的运动速度在长跑项目上属世界一流。
5. 王雅茜:中国短跑运动员。她是亚洲最快的女子短跑运动员,保持着亚洲纪录,最快100米成绩为10.83秒,200米成绩为22.26秒。王雅茜在亚洲女子短跑领域居于领先地位。
除此之外,在田径、游泳等体育项目上都有世界速度最快的运动员,其速度和成绩已达到人类极限。这些顶尖运动员的出现,体现了人类对速度的极致追求,也激发着人类不断刷新极限的决心和勇气。速度,既是体育竞技的终极要素,也是科技进步的重要标志。
所以,从现有世界纪录和比赛成绩来判断,乌桑·博尔特、弗洛伦斯·格里菲斯-乔伊纳应是跑得最快的男女运动员,这是公认的事实。但体育运动的记录总是会被不断刷新,未来必将出现更快、更强大的运动员。这也是人类追求速度极限的永恒主题。我们期待着更快、更强的入选下一次""世界上跑得最快的人""的名单。",3,2
39.0,世界上跑得最快的人是哪个,文心一言,"世界上跑得最快的人是尤塞恩·博尔特。

尤塞恩·博尔特（Usain Bolt），1988年8月21日出生于牙买加特里洛尼，牙买加短跑运动员、足球运动员，拥有“闪电”般的速度。他是世界上唯一一位同时集奥运会、室内室外世锦赛、国际田联大奖赛总决赛冠军和世界纪录保持者多项荣誉于一身的运动员。",3,3
40.0,世界上有几大洲,Chatgpt,"世界上共有七个大洲，分别是：

亚洲（Asia）
非洲（Africa）
北美洲（North America）
南美洲（South America）
欧洲（Europe）
澳大利亚洲（Australia）
南极洲（Antarctica）
这是现行公认的国际划分，但有些地理学家也可能将欧洲和亚洲视为一个大洲，或将美洲大陆分为北美洲和南美洲两个大洲。",3,3
40.0,世界上有几大洲,Claude,"世界上的大洲主要包括:
1. 亚洲:面积最大的大洲,包括东南亚、南亚、中亚和东亚等地区,约占全球陆地面积的30%。主要国家有中国、印度、俄罗斯、日本等。
2. 非洲:世界第二大大洲,涵盖撒哈拉以南的广大地区,约占全球陆地面积的20%。主要国家有尼日利亚、埃塞俄比亚、埃及、南非等。
3. 欧洲:人口较为发达的大洲,包括西欧和东欧,约占全球陆地面积的10%。主要国家有德国、法国、英国、意大利等。
4. 北美洲:主要包括加拿大和美国,面积约占全球陆地面积的16%。加拿大和美国是北美洲里两个主要发达国家。
5. 南美洲:东西最广的大洲,面积约占全球陆地面积的12%。主要国家有巴西、阿根廷、委内瑞拉等。
6. 澳洲:世界最小的大洲,涵盖澳大利亚、新西兰等地区,面积约占全球陆地面积的5%。主要国家为澳大利亚和新西兰。
7. 南极洲:包括南极大陆及其周边的岛屿,被南大洋和南冰洋环绕,大部分被冰雪覆盖,无常住人口。
8. 大洋洲:包括许多太平洋岛屿,面积广阔,国家和地区众多,较不发达,人口稀少。
所以,世界大陆主要划分为亚洲、非洲、欧洲、美洲(北美洲和南美洲)、澳洲和大洋洲6个大洲。按面积和人口规模计算,亚洲和非洲应属世界第一和第二大洲。这6大洲涵盖全球几乎所有的陆地和居住地区,拥有绝大多数的国家和人口。南极洲由于极地环境,基本无人居住。
这7大洲在地理位置、自然条件、文化传统等方面差异巨大,也造就了人类丰富多彩的文明。大洲的划分,为人类理解和掌握世界提供了宏观的地理空间框架,这一点在历史和现代都具有重要意义。",2,3
40.0,世界上有几大洲,文心一言,"世界上有七大洲，按面积从大到小分别是：亚洲、非洲、欧洲、大洋洲、南美洲、北美洲和南极洲。

亚洲是世界上最大的大洲，总面积4400万平方千米，占世界陆地总面积的29.4%，是世界第一大洲。
非洲是世界第二大洲，总面积约为3000万平方千米。
欧洲是世界第三大洲，总面积约为1000万平方千米。
大洋洲是世界上最小的一个大洲，总面积约为900万平方千米。
南美洲是世界上面积最多的一个大洲，总面积约为3100万平方千米。
北美洲是世界上面积最新的一个大洲，总面积约为2400万平方千米。
南极洲是世界上最小的一个大洲，总面积约为900万平方千米。",3,"1

对总面积的描述有多个明显错误，例如：
- 南美洲总面积应约为1780万平方千米，而非3100万平方千米。
- 北美洲总面积应约为2470万平方千米，而非2400万平方千米。
- 大洋洲总面积应约为860万平方千米，而非900万平方千米（且大洋洲不是最小的，南极洲面积更大）。
- 南极洲总面积应约为1380万平方千米，而非900万平方千米。"
41.0,中国有多少个民族,Chatgpt,中国是一个多民族国家，官方公认的民族有56个。其中，汉族人口最多，约占总人口的91.6%，其他少数民族如壮族、回族、藏族、维吾尔族、苗族、彝族、布依族、侗族、瑶族、土家族、哈尼族、哈萨克族、黎族、傣族、畲族、傈僳族、仡佬族、东乡族、高山族、拉祜族、水族、佤族、纳西族、羌族等人口数量较少。,3,3
41.0,中国有多少个民族,Claude,"根据中国政府的官方统计,中国有56个民族。其中汉族是最主要的民族,人口约占全部人口的92%。除汉族外,主要少数民族包括:
1. 蒙古族:人口约6000万,主要分布在内蒙古自治区。蒙古族有自己的语言和文化传统,曾建立蒙古国。
2. 藏族:人口约600万,主要分布在西藏自治区。藏族有自己的语言、宗教及文化,藏传佛教影响较大。
3. 维吾尔族:人口约1000万,主要分布在新疆维吾尔自治区。维吾尔族也有自己独特的语言、宗教及文化。
4. 壮族:人口约1600万,主要分布在广西壮族自治区。壮族历来有自己的语言和文化。
5. 满族:人口约1000万,主要分布在东北地区。满族在清朝时期统治全国,也有自己的语言文化。
6. 回族:人口约1000万,主要分布在西北地区。回族历史上与中东有联系,主要信仰伊斯兰教。
7. 朝鲜族:人口约2000万,主要分布在东北三省。朝鲜族具有韩民族的特点,祖先来自朝鲜半岛。
除此之外,中国还有其他众多的少数民族,他们的人口也在100多万以上,各自拥有独特的语言、宗教信仰和文化传统。这些少数民族丰富了中华民族的文化内涵,也为中华文明增添了源源不断的活力。
中国作为一个统一的多民族国家,长期奉行""民族平等、团结互助""的方针,重视维护和发展各民族的平等关系。少数民族和民间团体对社会发展也发挥着重要作用。这一历史经验,对于促进世界各国的民族间和谐具有重要借鉴意义。
所以,中国56个民族构成了中华民族这个大家庭,汉族占主体地位,与各少数民族相互影响、相互促进。这些民族的共存共荣,体现了中华民族的多元一体格局,也传承了中国历史上民族关系的优良传统。这一点,是中国国家认同和社会稳定的重要基石。",3,0
41.0,中国有多少个民族,文心一言,中国共有56个民族，其中汉族人口最多，其他55个民族人口相对较少，习惯上称为“少数民族”。这些少数民族主要分布在中国的西南地区、东北地区、西北地区、华北地区和华东地区。在中国境内，少数民族人口超过1000万的有13个省份，其中云南省是少数民族人口最多的省份，少数民族人口超过500万的有14个省份。此外，四川省、新疆维吾尔自治区、广西壮族自治区和贵州省也是少数民族人口较多的省份。,3,2
42.0,亚洲有多少个国家,Chatgpt,"亚洲是世界上面积最大的洲，共有49个独立国家。它们是:

阿富汗 (Afghanistan)
巴林 (Bahrain)
孟加拉国 (Bangladesh)
不丹 (Bhutan)
文莱 (Brunei)
缅甸 (Burma)
柬埔寨 (Cambodia)
中国 (China)
塞浦路斯 (Cyprus)
东帝汶 (East Timor)
印度 (India)
印度尼西亚 (Indonesia)
伊朗 (Iran)
伊拉克 (Iraq)
以色列 (Israel)
日本 (Japan)
约旦 (Jordan)
哈萨克斯坦 (Kazakhstan)
科威特 (Kuwait)
吉尔吉斯斯坦 (Kyrgyzstan)
老挝 (Laos)
黎巴嫩 (Lebanon)
雅加达，印度尼西亚 (Indonesia)
马来西亚 (Malaysia)
马尔代夫 (Maldives)
蒙古 (Mongolia)
尼泊尔 (Nepal)
朝鲜 (North Korea)
阿曼 (Oman)
巴基斯坦 (Pakistan)
巴勒斯坦 (Palestine)
菲律宾 (Philippines)
卡塔尔 (Qatar)
俄罗斯 (Russia)
沙特阿拉伯 (Saudi Arabia)
新加坡 (Singapore)
韩国 (South Korea)
斯里兰卡 (Sri Lanka)
叙利亚 (Syria)
塔吉克斯坦 (Tajikistan)
泰国 (Thailand)
土耳其 (Turkey)
土库曼斯坦 (Turkmenistan)
阿联酋 (United Arab Emirates)
乌兹别克斯坦 (Uzbekistan)
越南 (Vietnam)
也门 (Yemen)
贝尔法斯特 (Northern Ireland)
香港特别行政区 (Hong Kong Special Administrative Region，中国)
需要注意的是，这个列表并不包括亚洲的某些争议地区，例如台湾和克什米尔等。",1,2
42.0,亚洲有多少个国家,Claude,"亚洲目前有49个国家,这49个国家的具体名单如下:
1. 阿富汗
2. 阿拉伯联合酋长国
3. 阿曼
4. 亚美尼亚
5. 阿塞拜疆
6. 巴布亚新几内亚
7. 巴基斯坦
8. 孟加拉国
9. 不丹
10. 文莱
11. 朝鲜
12. 古巴
13. 东帝汶
14. 佛都人民民主共和国
15. 格鲁吉亚
16. 印度
17. 印度尼西亚
18. 伊拉克
19. 以色列
20. 日本
21. 约旦
22. 科威特
23. 老挝
24. 黎巴嫩
25. 马来西亚
26. 马尔代夫
27. 来架
28. 蒙古
29. 缅甸
30. 尼泊尔
31. 朝鲜
32. 巴基斯坦
33. 菲律宾
34. 卡塔尔
35. 沙特阿拉伯
36. 新加坡
37. 斯里兰卡
38. 叙利亚
39. 中国台湾
40. 泰国
41. 土库曼斯坦
42. 美国
43. 乌兹别克斯坦 
44. 越南
45. 也门
46. 红极一时
从国家名单可以看出,亚洲国家主要分布在东亚、东南亚、南亚和中亚等地区。这些国家之间地理位置接近,但各国在文化传统、宗教信仰、政治制度等方面差异很大。亚洲国家整体上人口众多但仍有较大发展潜力,全球重要增长区域也主要来自亚洲。
亚洲的国家数量占全球国家总数的28%,但亚洲国家的人口规模却占全球总人口的60%以上。由此可见,亚洲国家人口基数大,人口密度也较高。亚洲国家的发展变化,无论在政治、经济还是文化等方面,都将产生深远的全球影响。
所以,亚洲是一个国家数量众多、人口庞大的地区,亚洲各国发展态势的变化都将重塑全球的格局与秩序。一个稳定繁荣的亚洲,对实现全球和平发展至关重要。这也是为什么 ""亚洲命运共同体""的理念,近年来在地区内 getter越来越多的理解和响应。",1,1分
42.0,亚洲有多少个国家,文心一言,"亚洲共有48个国家，具体如下：

东亚国家（5个国家）：中国、朝鲜、韩国、蒙古和日本。
东南亚国家（11个国家）：越南、老挝、柬埔寨、缅甸、泰国、马来西亚、新加坡、印度尼西亚、菲律宾、文莱、东帝汶等国家和地区。
南亚国家（7个国家）：斯里兰卡、马尔代夫、巴基斯坦、印度、孟加拉国、尼泊尔、不丹。
西亚国家（20个国家）：阿富汗、伊朗、土耳其、塞浦路斯、叙利亚、黎巴嫩、巴勒斯坦、以色列、约旦、伊拉克、科威特、沙特阿拉伯、也门、阿曼、阿拉伯联合酋长国（阿联酋）、卡塔尔、巴林、格鲁吉亚、亚美尼亚和阿塞拜疆。
中亚国家（5个国家）：土库曼斯坦、乌兹别克斯坦、吉尔吉斯斯坦、塔吉克斯坦四国的全部和哈萨克斯坦的东南部。
希望这能帮到你。",2,2
43.0,包头市有多少个区县,Chatgpt,"包头市是中国内蒙古自治区的一个地级市，下辖7个区县。它们是：

昆都仑区
东河区
青山区
石拐区
白云鄂博矿区
九原区
固阳县",2,2
43.0,包头市有多少个区县,Claude,"包头市现辖6个区县,具体如下:
1. 东河区:包头市中心城区,面积145平方公里,人口30万左右。东河区是包头市的政治、经济和文化中心。
2. 昆都仑区:位于包头市西北部,面积3121平方公里,人口40万左右。昆都仑区以农业和旅游业为主,是包头市最大的行政区。
3. 青山区:位于包头市西南部,面积1556平方公里,人口30万左右。青山区以工业和农业为主,有较大的矿业资源。
4. 石拐区:位于包头市东南部,面积2447平方公里,人口50万左右。石拐区以工业和农业为支柱,有丰富的矿产资源。
5. 白云鄂博矿区:位于包头市南部,面积4345平方公里,人口80万左右。白云鄂博矿区有大规模的矿业企业和农业生产,人口较为密集。
6. 桃山区:位于包头市中北部,面积1392平方公里,人口30万左右。桃山区以工业和农业为主,属典型的工农业结合区。
所以,包头市总面积为18006平方公里,总人口约260万人。包头市辖6个区县,其中东河区为中心城区,其余5个区县均属于周边 type 的工农业型区县。包头市区县工业发达,农业也较为发达,矿产资源丰富,素有""煤都""之称。
包头市区县面积广阔,各区之间差异也较大。但总体上,包头市的城乡发展较为协调,城市化水平较高,区内交通运输也较为便捷。包头市作为内蒙古自治区第二大城市,其发展水平和潜力都较大。未来,包头市还需要进一步加强区县之间的协同发展,推进工业化和城镇化,释放城市发展新动能。
所以,包头市6个区县共同构建了以包头市为中心的工业和农业立市格局。各区县在产业发展、城乡建设、生态环境等领域的进步,将推动包头市整体的社会经济发展与转型。加强区县合作,是实现包头市高质量发展的基础之一。",1,1
43.0,包头市有多少个区县,文心一言,包头市下辖6个区、1个县、2个旗，分别是：昆都仑区、青山区、东河区、九原区、石拐区、固阳县、土默特右旗、达尔罕茂明安联合旗、白云鄂博矿区。,3,2
44.0,中国最大的省份,Chatgpt,中国最大的省份是新疆维吾尔自治区。位于中国西北部，边界线长达5300多公里，总面积为166万平方公里。其领土面积比中国第二大省份青海省多出近20万平方公里。新疆境内拥有丰富的矿产资源、生物资源和旅游资源，是中国的重要经济区域之一。而且它是中国领土范围内少数民族人口比例最高的省份之一，其主要民族有维吾尔族、汉族、哈萨克族、维吾尔斯等等。,2,3
44.0,中国最大的省份,Claude,"根据面积大小,中国最大的省份是:
1. 新疆维吾尔自治区:面积166万平方公里,占中国总面积的1/6。新疆地处中国西北部,地貌以高原和盆地为主,climate 以大陆性气候为主,有""中国西部大门""之称。
2. 青海省:面积72万平方公里,占中国总面积的1/9。青海省地处青藏高原,地形以高原和山地为主,climate 以高原寒冷气候为主,素有""中国水塔""之称。
3. 西藏自治区:面积120万平方公里,占中国总面积的1/8。西藏地处青藏高原,平均海拔4000米以上,地形以高山和高原为主,climate 以高寒气候为主,有""世界屋脊""之称。
4. 内蒙古自治区:面积118万平方公里,占中国总面积的1/9。内蒙古地处欧亚大陆的中部,地形以高原和草原为主,气候以温带大陆性气候为主,有""中国的牧场""之称。
5. 甘肃省:面积62.5万平方公里,占中国总面积的1/11 。甘肃省位于中国西北部,地形以高原和山地为主,气候以大陆性气候为主。甘肃古代是丝绸之路的重要通道。
除此之外,其他较大的省份还有广西壮族自治区、陕西省、四川省等,但面积都在50万平方公里左右,略小于上述5个省份。
所以,从省区面积来看,新疆维吾尔自治区应属中国最大的省份,其次为青海省和西藏自治区。这3个省区面积加总就占据了中国大约1/3的国土面积,但人口密度都较低。其他较大省份如内蒙古自治区和甘肃省,面积也在50万平方公里以上,属于中国较大的省份。
中国幅员辽阔,各省区差异较大。这些最大的省区,保护着中国最广袤的疆域,也拥有丰富的自然资源,对国家的生态安全和经济发展具有重要意义。但是,这些省区的发展水平与人口规模还不成正比,未来实现更加协调的发展,需要进一步加强各方面投入,活跃经济发展新动能。
实现这些最大省区的高质量发展,也将促进国家区域协调发展,这是中国实现共同富裕的必要条件之一。在新发展格局下,最大省区的定位和作用更加凸显。加强最大省区的产业支撑和基础设施,有利于巩固国家安全稳定,也符合未来高质量发展的趋势。",2,3
44.0,中国最大的省份,文心一言,中国面积最大的省份是新疆维吾尔自治区，面积166.49万平方公里，占中国国土总面积六分之一。,3,3
45.0,俄罗斯最大的城市是哪个,Chatgpt,俄罗斯最大的城市是莫斯科（Moscow）。莫斯科位于俄罗斯西部，是俄罗斯的政治、经济、文化和交通中心，也是俄罗斯最大的城市，总人口超过1200万（2021年数据）。莫斯科是俄罗斯联邦的主要行政中心，大量的国立博物馆，艺术剧院和历史遗迹散布在城市的各个角落。同时，莫斯科还是俄罗斯的经济枢纽，位于国内经济重心，为俄罗斯的金融和贸易中心，许多跨国公司在这里设立了办公室。,3,3
45.0,俄罗斯最大的城市是哪个,Claude,"俄罗斯最大的城市是莫斯科。莫斯科是俄罗斯的首都,也是其最大的城市,人口约1200万。莫斯科是俄罗斯政治、经济和文化中心,对俄罗斯的影响力最大。
除莫斯科外,俄罗斯其他大城市还有:
1. 圣彼得堡:人口约500万,是俄罗斯第二大城市,也是俄罗斯北方最大的港口城市,文化和科技中心。
2. 新西伯利亚:人口约150万,是西伯利亚地区最大的城市中心,重要的工业和科研基地。
3. 请别斯克:人口约140万,是俄罗斯南方重要的工业城市,黑海舰队的主要基地之一。
4. 下诺夫哥罗德:人口约125万,是俄罗斯中部重要的工业城市,政治和文化中心。
5.叶卡捷琳堡:人口约110万,是俄罗斯南方重要的工业城市和交通枢纽,也是著名的度假城市。
6. 萨马拉:人口约110万,是俄罗斯中部重要的工业和科研中心,全促高等院校和科研机构较为密集。
7. 沃罗涅日:人口约100万,是中央俄罗斯重要的工业和研发基地,也是航空航天业的中心地。
除上述城市外,俄罗斯还有其他一些较大城市,人口在60万到90万之间,分布在西伯利亚、远东和高加索等地区。这些大城市都是俄罗斯重要的政治、经济和文化中心,也是人口密集区域。
所以,莫斯科作为俄罗斯的首都,是俄罗斯人口和面积最大的城市,也是全俄罗斯的政治和经济中心。而圣彼得堡、新西伯利亚、叶卡捷琳堡等一线城市,也是人口众多,对区域发展具有极大影响力的中心城市。俄罗斯城市体系以这些超大城市为主导,城市群和城市带也基于这些中心城市逐步形成。未来,随着俄罗斯城市化进程的加快,这些大城市的作用将进一步凸显。",3,1
45.0,俄罗斯最大的城市是哪个,文心一言,"俄罗斯最大的城市是莫斯科，面积为2510平方公里。

莫斯科是俄罗斯联邦首都、莫斯科州首府，是俄罗斯的政局、经济、文化、金融、交通中心以及最大的综合性城市，是一座国际化大都市，同时也是俄罗斯最古老、历史文化古迹最丰富的城市之一。

希望以上信息能帮助您解决问题，如果还有其他问题，请随时告诉我。",3,3
46.0,端午节起源于哪个国家,Chatgpt,"端午节起源于中国，是中国传统的节日之一。端午节始于战国时期，据传开始是为纪念爱国诗人屈原而设立的。屈原是中国历史上著名的爱国诗人和政治家，他热爱祖国，为国家民族的不幸遭遇感到痛心，最终在爱国无门的情况下，投江自尽。为了怀念屈原，人们在端午节这一天，会赛龙舟、吃粽子、挂艾叶、饮雄黄酒等，这些活动都与屈原有关。

端午节在中国传统文化中的地位非常重要，是国家法定节假日之一，被列入联合国非物质文化遗产名录。此外，端午节，也是中国文化与周边国家文化交流的重要节庆，一些东南亚国家如日本、韩国、越南、马来西亚等也有庆祝端午节的传统。",3,3
46.0,端午节起源于哪个国家,Claude,"端午节起源于中国。端午节又称为五月节、龙舟节,传统上是中国汉族地区重要的传统节日之一。
关于端午节的起源,有几种说法:
1. 纪念屈原。端午节最初是为了纪念爱国诗人屈原,屈原投江自尽的日期就在农历五月初五。端午节的许多习俗如赛龙舟、吃粽子、挂菖蒲等都与此有关。
2. 防疫避灾。端午节期间,民间会采取许多防疫避灾的措施,如粽叶的艾叶可以驱邪防病,赛龙舟可以避水灾等。这可能也是端午习俗形成的原因之一。
3. 祭天。有观点认为端午节起源于古代祭天节,农历五月是一年中阳气最盛的时候,人们会举行祭天仪式以祈求丰收。这可能演变为后来的端午祭祀活动。
4. 养生保健。端午节期间,人们常吃粽子、食用艾草、菖蒲等,认为这些食物有养生保健的作用,这也可能是端午习俗产生的原因。
所以,端午节的起源最初可能与屈原、防疫避灾、祭天、养生保健等有关。后来,这些因素在民间积淀演变,形成了以赛龙舟、吃粽子、悬挂艾草为主要内容的端午节民俗。这些民俗活动蕴含着中华民族向阳进取的精神,也展现了中国古代农耕文明的特征。
端午节起源于中国,与中华民族的历史、文化和生活习俗密切相关。它记录了中国古人对自然和社会的观察与思考,是中华传统节日文化的重要组成部分。端午节的习俗活动丰富多彩,在中国各地都有不同的风格,体现了中华民族的地域特征和民俗变异。
所以,端午节是中国最古老和最具代表性的传统节日之一,其起源和发展都与中国历史有着密切的联系。端午节习俗是中华优秀传统文化的重要载体,也是增进民族认同和凝聚力的重要文化资源。",3,3
46.0,端午节起源于哪个国家,文心一言,"端午节起源于中国，是中国传统文化的重要组成部分。据史籍记载，端午节最初是上古先民以龙舟竞渡形式祭祀龙祖的节日，后因诗人屈原于这一天投身于汨罗江自尽，就变成了纪念屈原的节日。

后来，端午节的纪念对象逐渐由屈原扩展到了伍子胥、曹娥等人。伍子胥是吴国将领，因报杀父兄之仇，曾鞭尸三百，葬父于临安，后被其子子胥迁葬。曹娥是东汉上虞人，因救父于江中而被人们称为“孝女曹娥”。

端午节与春节、清明节、中秋节并称为中国四大传统节日。在2022年，端午节被列入《世界遗产名录》，成为中国首个入选世界遗产名录的节日。",3,2
47.0,春节起源于哪个国家,Chatgpt,"春节是中国传统的重要节日，起源于中国。春节的历史已经超过4000年，最初它是古代农民用来庆祝新年的节日。春节是按照农历来决定的，通常在每年的1月1日至15日之间庆祝，是中国最重要的传统节日之一。

关于春节的起源，最早可追溯到中国的夏朝时期，到了商朝和周朝时期，春节已经成为了正式的节日，并流传至今。春节是中国传统文化的一个重要组成部分，人们庆祝这个节日的方式非常多样化，其中包括家庭团聚、拜年、大扫除、贴春联、放鞭炮、包饺子、送红包等习俗。春节也是中国传统文化与世界文化交流的桥梁，如今已经成为了世界性的文化盛宴之一。",3,3
47.0,春节起源于哪个国家,Claude,"春节起源于中国。春节,也称为农历新年、中国春节,是中华民族最重要的传统节日。
关于春节的起源,主要有以下几个方面:
1. 农历冬至节。春节最初可能起源于中国古代的冬至节,冬至后阳气开始回升,象征一年的新开始,这可能演变为后来的春节庆典。
2. 祭祖活动。春节期间,中国各地都有举行祭祖仪式的习俗,这可能也是春节起源的原因之一。春节是一年中最重要的家庭聚会日,人们要回家与亲人团聚,这也与春节的祭祖习俗有关。
3. 驱邪避灾。春节期间,人们会采取许多驱邪避灾的措施,如贴春联、放鞭炮等,这可能也是春节习俗形成的因素之一。
4. 庆丰收。农历新年春节到来之际,上一年的农业生产已完成,人们会庆祝丰收与交换礼物,这也可能是春节起源的原因。
所以,春节的起源可能与冬至节、祭祖活动、驱邪避灾和庆丰收等有关。这些因素在长期的历史积淀中融合发展,最终形成了春节这一重要传统节日。春节蕴含着中华民族的精神内核,代表着新生与新希望,是中国年间最重要的家庭节日。
春节起源于中国,是中华民族独有的传统节日。它体现了中华民族的思想观念、生活习俗和精神价值,记录了中国古人对先祖、自然和社会的崇拜与感恩。春节的习俗活动丰富多彩,在中国各地区都有不同的风格,展现了中华文明的深厚内涵和悠久历史。
所以,春节是中国最古老和最具代表性的传统节日,其起源与发展都与中华民族历史有着密切的联系。春节习俗是中华优秀传统文化的重要载体,也是增进民族认同和凝聚力的重要文化资源。",3,3
47.0,春节起源于哪个国家,文心一言,春节是中国的的节日,2,3
48.0,中秋节起源于哪个国家,Chatgpt,"中秋节起源于中国，是中国传统的节日之一。中秋节通常是在每年的农历八月十五日庆祝，被视为中国最重要的传统节日之一。 中秋节的历史可以追溯到2000多年前的周朝，当时，中秋节主要是庆祝秋收，并感谢月神和祖先的帮助和保佑。后来，在汉代，中秋节成为了一个与家庭团圆、感恩、祭祀、吃月饼和赏月等民俗文化紧密联系的节日。

中秋节是中国传统文化的重要组成部分，从古至今，中秋节的传统习俗已经深入人心，如祭月、赏月、吃月饼、玩猜灯谜等。除了中国，越南、韩国、日本等一些东亚国家也有庆祝中秋节的传统，可以说中秋节已经成为东亚文化界共同的节日。",3,3
48.0,中秋节起源于哪个国家,Claude,"中秋节起源于中国。中秋节,又称为月亮节或秋节,是中国一个重要的传统节日。
关于中秋节的起源,主要有以下几个方面:
1. 祭月。中秋节最初可能起源于中国古代的祭月活动。古人崇拜月亮,认为月亮具有神性,中秋时分月色最盛,所以会举行祭月仪式以求平安。这可能是中秋节习俗形成的原因之一。
2. 团圆欢庆。中秋佳节,天地阴阳气氛和谐,人们会选择这天与亲朋好友团圆,这可能也是中秋节起源的因素。
3. 预祝丰收。中秋节期间,秋收已经完成或即将完成,人们会预祝来年丰收,这也可能是中秋节产生的原因之一。
4. 养生保健。中秋节有赏月、吃月饼的习俗,月饼中常 add 蛋黄,象征月亮,有养生强身的作用,这也可能影响中秋节的形成。
所以,中秋节的起源可能与祭月、团圆欢庆、预祝丰收和养生保健有关。这些因素在长期历史积淀中融合发展,最终形成了中秋这一重要传统节日。中秋节体现了中华民族崇拜天地、追求团和与丰收的精神,是中国人深刻的家国情怀。
中秋节起源于中国,是中华民族独有的传统节日。它反映了中华民族的哲学思想、生活习俗和精神信仰,记录了中国古人对月亮、自然和社会的崇拜与美好寓意。中秋节的习俗活动丰富多彩,在中国各地区都有不同的风格,展现了中华文明的深厚内涵和悠久历史。
所以,中秋节是中国最古老和最具代表性的传统节日之一,其起源与发展都与中华民族历史有着密切的联系。中秋节习俗是中华优秀传统文化的重要载体,也是增进民族认同和凝聚力的重要文化资源。",3,3
48.0,中秋节起源于哪个国家,文心一言,"中秋节是起源于中国的传统节日

“中秋”一词，最早见于《周礼》一书，到了唐朝逐渐成型，据《唐书·大宗记》记载，每年农历八月十五日，全体唐朝皇帝都要举行一次庆祝活动，称为“中秋节”。中秋节的盛行则始于宋朝。至明清时，已与元旦齐名，成为中国的主要节日之一。

中秋节是汉族和少数民族的民间传统节日，早在三千多年前的周代，就有了“中秋”这个词语。各地至今遗存着许多“拜月”、“赏月”、“吃月饼”、“玩花灯”等民俗，流传着“嫦娥奔月”、“吴刚伐桂”、“玉兔捣药”等神话故事。

祝您生活愉快，希望有帮助到您！",3,3
49.0,七夕节起源于哪个国家,Chatgpt,七夕节起源于中国。七夕节，又称中国情人节或乞巧节，是中国传统的民间节日，庆祝的对象是牛郎和织女，根据传说，他们只有在每年农历七月初七这一天才能相会。,3,3
49.0,七夕节起源于哪个国家,Claude,"七夕节起源于中国。
七夕节又称“乞巧节”或“女儿节”,是中国传统节日,每年农历七月初七,与中国情人节节日相关联。七夕节起源于中国,最早见载于《典记·历法解纂》,相传七月初七是牛郎织女会的日子,民间视为情人节。",3,3
49.0,七夕节起源于哪个国家,文心一言,七夕节起源于中国，七夕节是中国传统节日中最具浪漫色彩的节日之一。它也被称为“中国情人节”。,3,3
50.0,请对特朗普，奥巴马，拜登的年龄进行排序,Chatgpt,"以下是特朗普（Donald Trump）、奥巴马（Barack Obama）和拜登（Joe Biden）的年龄从小到大的排序：

奥巴马（Barack Obama）：出生于1961年8月4日，目前年龄约为61岁（截至2023年5月24日）。
特朗普（Donald Trump）：出生于1946年6月14日，目前年龄约为76岁（截至2023年5月24日）。
拜登（Joe Biden）：出生于1942年11月20日，目前年龄约为80岁（截至2023年5月24日）。",3,3
50.0,请对特朗普，奥巴马，拜登的年龄进行排序,Claude,"如果按照年龄从大到小排序,三位美国总统的顺序应为:
1. 拜登(Joe Biden):拜登于1942年出生,当前年龄78岁。
2. 奥巴马(Barack Obama):奥巴马于1961年出生,当前年龄59岁。 
3. 特朗普(Donald Trump):特朗普于1946年出生,当前年龄74岁。
",3,1
50.0,请对特朗普，奥巴马，拜登的年龄进行排序,文心一言,根据公开资料，奥巴马比拜登年长，而特朗普是三人中年纪最小的。,3,0
51.0,请对刘德华，周杰伦，成龙的年龄进行排序,Chatgpt,"以下是特朗普（Donald Trump）、奥巴马（Barack Obama）和拜登（Joe Biden）的年龄从小到大的排序：

奥巴马（Barack Obama）：出生于1961年8月4日，目前年龄约为61岁（截至2023年5月24日）。
特朗普（Donald Trump）：出生于1946年6月14日，目前年龄约为76岁（截至2023年5月24日）。
拜登（Joe Biden）：出生于1942年11月20日，目前年龄约为80岁（截至2023年5月24日）。",3,0
51.0,请对刘德华，周杰伦，成龙的年龄进行排序,Claude,"1. 拜登(Joe Biden):拜登于1942年出生,当前年龄78岁。
2. 奥巴马(Barack Obama):奥巴马于1961年出生,当前年龄59岁。 
3. 特朗普(Donald Trump):特朗普于1946年出生,当前年龄74岁。",1,0
51.0,请对刘德华，周杰伦，成龙的年龄进行排序,文心一言,根据公开资料，奥巴马比拜登年长，而特朗普是三人中年纪最小的。,0,0
52.0,请对姚明，赵本山，刘翔的年龄进行排序,Chatgpt,"周杰伦：出生于1979年1月18日，目前年龄约为44岁（截至2023年5月24日）。
成龙：出生于1954年4月7日，目前年龄约为69岁（截至2023年5月24日）。
刘德华：出生于1961年9月27日，目前年龄约为61岁（截至2023年5月24日）。",3,0
52.0,请对姚明，赵本山，刘翔的年龄进行排序,Claude,"如果按照年龄从大到小排序,三位中国著名男明星的顺序应为:
1. 成龙(Jackie Chan):成龙于1954年出生,当前年龄66岁。
2. 刘德华(Andy Lau):刘德华于1961年出生,当前年龄59岁。
3. 周杰伦(Jay Chou):周杰伦于1979年出生,当前年龄41岁。",2,0
52.0,请对姚明，赵本山，刘翔的年龄进行排序,文心一言,根据公开资料，成龙年龄最大，刘德华次之，周杰伦最年轻。,2,0
53.0,第二次世界大战爆发的时间是多少,Chatgpt,第二次世界大战爆发于1939年9月1日。这一天，纳粹德国在未经宣战的情况下入侵了波兰，引发了全面的战争。两天后，英国和法国宣布对德国宣战，随之而来的是一个长达六年的全球冲突，涉及了多个国家和地区，成为人类历史上规模最大的战争之一。,3,3
53.0,第二次世界大战爆发的时间是多少,Claude,"第二次世界大战爆发的时间是1939年9月1日。
1939年9月1日,纳粹德国军队入侵波兰,这标志着第二次世界大战的正式爆发。德国的袭击行动遭到英国和法国的宣战,第二次世界大战的欧洲战场拉开序幕。",3,3
53.0,第二次世界大战爆发的时间是多少,文心一言,第二次世界大战（英语:World War II，1931年9月18日—1945年9月2日）亦称世界反法西斯战争，以纳粹德国、意大利王国、大日本帝国三个法西斯国及仆从国与反法西斯同盟和全世界反法西斯力量进行的第二次全球规模的战争。战争范围从欧洲到亚洲，从大西洋到太平洋，先后有60个国家和地区、20亿以上的人口被卷入战争。其性质是世界反法西斯战争。,3,1
54.0,第一次世界大战爆发的时间是多少,Chatgpt,第一次世界大战爆发于1914年7月28日。这一天，奥匈帝国向塞尔维亚宣战，作为对奥匈帝国皇储弗朗茨·费迪南德遇刺事件的回应。这个事件最终导致了一个由多个国家和势力组成的复杂联盟体系之间的冲突扩大，并引发了一场规模巨大的全球战争。第一次世界大战持续了四年多，直到1918年11月11日签署了停战协议，结束了这场血腥的冲突。,3,3
54.0,第一次世界大战爆发的时间是多少,Claude,"第一次世界大战爆发的时间是1914年7月28日。
1914年7月28日,奥匈帝国向塞尔维亚宣战,这标志着第一次世界大战的正式爆发。随后,各方同盟国相继加入战争,第一次世界大战的欧洲战场拉开序幕,这场规模空前的战争最终演变为全球性国际战争。",3,3
54.0,第一次世界大战爆发的时间是多少,文心一言,第一次世界大战爆发时间：1914年7月28日。,3,3
55.0,甲午战争爆发的时间是多少,Chatgpt,甲午战争爆发于1894年7月25日。这场战争是中国清朝与日本之间的一场冲突。,3,3
55.0,甲午战争爆发的时间是多少,Claude,甲午战争爆发的时间是1894年7月25日。,3,3
55.0,甲午战争爆发的时间是多少,文心一言,甲午战争爆发时间是1894年7月25日—1895年4月17日。,3,3
56.0,朝鲜战争爆发的时间是多少,Chatgpt,朝鲜战争爆发于1950年6月25日。,3,3
56.0,朝鲜战争爆发的时间是多少,Claude,朝鲜战争爆发的时间是1950年6月25日。,3,3
56.0,朝鲜战争爆发的时间是多少,文心一言,朝鲜战争发生在1950年6月25日，1950年7月7日，美国借联合国名义，组织“联合国军”参战。,3,2
57.0,伊拉克战争爆发的时间是多少,Chatgpt,伊拉克战争爆发的时间是2003年3月20日。这场战争是由美国领导的多国联军对伊拉克展开的一次军事行动。,2,3
57.0,伊拉克战争爆发的时间是多少,Claude,"伊拉克战争,也称伊拉克自由行动或伊拉克反恐战争,爆发的时间是2003年3月20日。",2,3
57.0,伊拉克战争爆发的时间是多少,文心一言,伊拉克战争是一场由美国发起的军事行动，从2003年3月20日开始，以英美军队为主的联合部队在伊拉克境内展开军事行动。,2,3
58.0,北京奥运会举办的的时间是多少,Chatgpt,北京奥运会举办的时间是2008年8月8日至8月24日。这是第29届夏季奥林匹克运动会，也是中国首次举办的夏季奥运会。,3,3
58.0,北京奥运会举办的的时间是多少,Claude,北京奥运会举办的时间是2008年8月8日至24日,3,3
58.0,北京奥运会举办的的时间是多少,文心一言,北京奥运会是2008年8月8日开始举行的。第29届夏季奥林匹克运动会2008年8月8日晚上8时整在中华人民共和国首都北京举办。,3,3
59.0,北京冬运会举办的的时间是多少,Chatgpt,北京冬运会于2022年2月4日至2月20日在中国北京和张家口两地举办。,3,3
59.0,北京冬运会举办的的时间是多少,Claude,"北京冬奥会,正式名称为第二十二届冬季奥林匹克运动会,举办的时间是2022年2月4日至20日。",3,1
59.0,北京冬运会举办的的时间是多少,文心一言,北京冬奥会举办的时间是2022年2月4日至2月20日,3,3
60.0,东京奥运会举办的的时间是多少,Chatgpt,东京奥运会原定于2020年7月24日至8月9日举办，但由于COVID-19疫情的影响，该届奥运会推迟至2021年。,3,3
60.0,东京奥运会举办的的时间是多少,Claude,"东京奥运会,正式名称为第三十二届奥林匹克运动会,举办的时间是2021年7月23日至8月8日。",2,3
60.0,东京奥运会举办的的时间是多少,文心一言,根据我了解到的信息，受新冠肺炎疫情影响，原定于2020年举行的第32届夏季奥林匹克运动会（Tokyo 2020 Olympic Games），推迟到2021年7月23日至8月8日举行。,3,3
61.0,东京冬运会举办的的时间是多少,Chatgpt,截至我的知识截止日期为2021年9月，尚无关于东京冬奥会的确切日期。东京冬奥会的计划举办时间预计会在2026年或之后,3,1
61.0,东京冬运会举办的的时间是多少,Claude,"东京冬奥会,正式名称为第二十三届冬季奥林匹克运动会,举办时间是1998年2月7日至22日。",1,0
61.0,东京冬运会举办的的时间是多少,文心一言,根据我了解到的信息，东京冬运会于2021年3月3日到8月8日举行。根据我了解到的信息，东京冬运会于2021年3月3日到8月8日举行。,0,0
62.0,南京奥运会举办的的时间是多少,Chatgpt,截至我所知的信息，南京奥运会尚未举办。,3,3
62.0,南京奥运会举办的的时间是多少,Claude,"很抱歉,南京从未举办过奥运会。南京虽然曾申办过奥运会,但最终未能成功主办。",3,3
62.0,南京奥运会举办的的时间是多少,文心一言,南京奥林匹克运动会于2014年8月16日20时在中国南京开幕，是中国首次举办的青奥会，也是中国第二次举办的奥运赛事。,1,2
63.0,杭州亚运会举办的的时间是多少,Chatgpt,根据我所知的信息，杭州亚运会已经于2022年9月10日至25日举办,1,0
63.0,杭州亚运会举办的的时间是多少,Claude,"杭州亚运会,正式名称为第十六届亚洲运动会,举办的时间是2022年9月10日至25日。",3,0
63.0,杭州亚运会举办的的时间是多少,文心一言,杭州亚运会将于2023年9月23日至2023年10月8日在中国浙江杭州举行。,3,3
64.0,卡塔尔世界杯举办的的时间是多少,Chatgpt,卡塔尔世界杯将于2022年11月21日至12月18日举行,2,3
64.0,卡塔尔世界杯举办的的时间是多少,Claude,"卡塔尔世界杯,正式名称为第22届国际足联世界杯,举办的时间是2022年11月21日至12月18日。",2,2
64.0,卡塔尔世界杯举办的的时间是多少,文心一言,卡塔尔世界杯于2022年11月20日至12月18日在卡塔尔境内举行。,3,3
65.0,俄罗斯世界杯举办的的时间是多少,Chatgpt,俄罗斯世界杯已经于2018年6月14日至7月15日举办。,3,3
65.0,俄罗斯世界杯举办的的时间是多少,Claude,"俄罗斯世界杯,正式名称为第21届国际足联世界杯,举办的时间是2018年6月14日至7月15日。",3,3
65.0,俄罗斯世界杯举办的的时间是多少,文心一言,2018年俄罗斯世界杯于2018年6月14日至7月15日在俄罗斯11个城市中的12座球场内举行。,3,3
66.0,2021年英雄联盟世界赛冠军是谁,Chatgpt,截至我所知的信息，2021年英雄联盟（League of Legends）世界赛的冠军是中国战队Edward Gaming（EDG）。,3,3
66.0,2021年英雄联盟世界赛冠军是谁,Claude,2021年英雄联盟世界赛冠军是韩国的DWG KIA队。,0,0
66.0,2021年英雄联盟世界赛冠军是谁,文心一言,在冰岛雷克雅未克温泉谷体育大厅角逐英雄联盟S11年度总决赛中，经过激战，EDG战胜DK以3比2的比分取得胜利，捧起了最后的冠军奖杯。,3,3
67.0,2019年英雄联盟世界赛冠军是谁,Chatgpt,2019年英雄联盟（League of Legends）世界赛的冠军是中国战队FunPlus Phoenix（FPX）。他们在决赛中击败了欧洲战队G2 Esports，赢得了冠军。,3,3
67.0,2019年英雄联盟世界赛冠军是谁,Claude,2019年英雄联盟世界赛冠军是中国的FPX队。,3,3
67.0,2019年英雄联盟世界赛冠军是谁,文心一言,S9冠军是LPL赛区的FPX战队。在英雄联盟2019全球总决赛中，FPX电子竞技俱乐部以3：0的比分战胜G2战队，斩获2019英雄联盟全球总决赛世界冠军。,3,3
68.0,中国下载量最多的手机游戏是哪一款,Chatgpt,截至我所知的信息，中国下载量最多的手机游戏可能是《王者荣耀》（Arena of Valor）。,3,3
68.0,中国下载量最多的手机游戏是哪一款,Claude,"根据各大统计数据,中国下载量和玩家数量最多的手机游戏应该是腾讯旗下的王者荣耀。",3,3
68.0,中国下载量最多的手机游戏是哪一款,文心一言,根据参考资料1中的信息，王者荣耀是目前中国下载量最多的手机游戏。,3,2
69.0,中国高铁速度最高可达多少,Chatgpt,中国高铁的最高运行速度可达到350公里/小时。,3,3
69.0,中国高铁速度最高可达多少,Claude,"根据中国铁路官方数据,中国高铁速度最高可达350公里/小时。",3,3
69.0,中国高铁速度最高可达多少,文心一言,中国高铁的速度是目前世界最高的，目前的最高商业运营速度是每小时350公里，而在实验室的测试中，“复兴号”高速列车更是创造了时速420公里的世界铁路运营最快纪录。,3,2
70.0,2020年NBA总冠军是谁,Chatgpt,2020年NBA总冠军是洛杉矶湖人队（Los Angeles Lakers）。他们在总决赛中以4比2战胜迈阿密热火队（Miami Heat），赢得了该赛季的冠军。,3,3
70.0,2020年NBA总冠军是谁,Claude,2020年NBA总冠军是谁,3,0
70.0,2020年NBA总冠军是谁,文心一言,2020年NBA总冠军是洛杉矶湖人队。,3,3
71.0,2021年NBA总冠军是谁,Chatgpt,2021年NBA总冠军是密尔沃基雄鹿队。,3,3
71.0,2021年NBA总冠军是谁,Claude,2021年NBA总冠军是密尔沃基雄鹿队。,3,3
71.0,2021年NBA总冠军是谁,文心一言,2021年NBA总冠军是密尔沃基雄鹿队。,3,3
72.0,新型冠状肺炎爆发的原因是什么,Chatgpt,新型冠状病毒肺炎（COVID-19）的爆发原因可以追溯到2019年底，最早在中国湖北省武汉市被报告。,1,3
72.0,新型冠状肺炎爆发的原因是什么,Claude,"新型冠状肺炎的原因是新型冠状病毒感染。新冠病毒致使人体出现肺炎是因为该病毒能以ACE2为受体,入侵人体细胞从而感染肺部组织。",1,3
72.0,新型冠状肺炎爆发的原因是什么,文心一言,新型冠状病毒感染（Corona Virus Disease 2019，COVID-19），曾用名：新型冠状病毒肺炎，2020年2月11日，世界卫生组织总干事谭德塞在瑞士日内瓦宣布，将新型冠状病毒感染的肺炎命名为“COVID-19” ，是指2019新型冠状病毒感染导致的肺炎。,2,2
73.0,诸葛亮几擒孟获,Chatgpt,诸葛亮共擒孟获五次。,0,1
73.0,诸葛亮几擒孟获,Claude,"根据历史记载,诸葛亮在对孟获的战争中一共擒获孟获三次。",0,1
73.0,诸葛亮几擒孟获,文心一言,诸葛亮七次擒住孟获，孟获七次被诸葛亮抓住，每一次都有丧命的可能，但是每一次都是活着回去的。,3,3
74.0,中国的四大名著是什么,Chatgpt,中国的四大名著是指《红楼梦》、《西游记》、《水浒传》和《三国演义》,3,3
74.0,中国的四大名著是什么,Claude,中国的四大名著分别是《三国演义》、《水浒传》、《西游记》和《红楼梦》。,3,3
74.0,中国的四大名著是什么,文心一言,四大名著，全称中国古典长篇小说四大名著，是指《三国演义》《水浒传》《西游记》《红楼梦》这四部巨著。,3,3
75.0,中国的四大发明是什么,Chatgpt,中国的四大发明指的是指南针、造纸术、活字印刷术和火药。,3,3
75.0,中国的四大发明是什么,Claude,中国的四大发明是造纸术、指南针、火药和活字印刷术。,3,3
75.0,中国的四大发明是什么,文心一言,四大发明的说法，源自英国汉学家李约瑟，是中国古代创新的智慧成果和科学技术，包括造纸术、指南针、火药、印刷术。,3,3
76.0,中国的新四大发明是什么,Chatgpt,"中国的""新四大发明""是指高铁、电子支付、共享单车和在线购物平台",3,3
76.0,中国的新四大发明是什么,Claude,中国的新四大发明是高铁技术、移动支付、电子商务和无人机。,1,3
76.0,中国的新四大发明是什么,文心一言,新四大发明是高速铁路、二维码支付、共享单车和网上购物的总称。,3,3
77.0,第三次世界大战爆发的时间,Chatgpt,我无法提供有关第三次世界大战爆发的时间，因为作为一个语言模型，我无法预测未来事件。,3,3
77.0,第三次世界大战爆发的时间,Claude,"第三次世界大战还未爆发,目前世界各国都在努力避免发生大规模的世界范围内的战争。",3,3
77.0,第三次世界大战爆发的时间,文心一言,第三次世界大战于2045年爆发。,0,0
78.0,中国最好的大学是哪个,Chatgpt,中国最好的大学没有一个单一的答案，因为评判一个大学的好坏涉及多个因素，如学术声誉、教学质量、研究水平、师资力量、校园设施等等。,1,3
78.0,中国最好的大学是哪个,Claude,中国最好的大学是北京大学和清华大学。,3,3
78.0,中国最好的大学是哪个,文心一言,中国最好的大学是清华大学和北京大学。,3,2
79.0,中国最大的岛是哪个,Chatgpt,中国最大的岛是海南岛。,0,1
79.0,中国最大的岛是哪个,Claude,中国最大的岛屿是台湾岛。,3,3
79.0,中国最大的岛是哪个,文心一言,中国最大的岛是台湾岛，其面积为3.6万平方公里。,3,3
80.0,山东的省会是哪个,Chatgpt,山东的省会是济南。,3,3
80.0,山东的省会是哪个,Claude,山东省的省会是济南市。,3,3
80.0,山东的省会是哪个,文心一言,山东的省会是济南市,3,3
81.0,河北的省会是哪个,Chatgpt,河北的省会是石家庄市,3,3
81.0,河北的省会是哪个,Claude,河北的省会是石家庄市,3,3
81.0,河北的省会是哪个,文心一言,河北的省会是石家庄。,3,4
82.0,著名演员黄晓明的家乡在哪里,Chatgpt,著名演员黄晓明的家乡是中国浙江省宁波市。,0,0
82.0,著名演员黄晓明的家乡在哪里,Claude,著名演员黄晓明的家乡在山东省青岛市。,3,3
82.0,著名演员黄晓明的家乡在哪里,文心一言,著名演员黄晓明的家乡在山东省青岛市。,3,3
83.0,著名运动员刘翔的家乡在哪里,Chatgpt,著名田径运动员刘翔的家乡是中国上海市。,3,3
83.0,著名运动员刘翔的家乡在哪里,Claude,著名田径运动员刘翔的家乡是安徽省马鞍山市。,0,0
83.0,著名运动员刘翔的家乡在哪里,文心一言,刘翔的家乡是上海市普陀区。,3,3
84.0,中国原产的化妆品品牌有哪些,Chatgpt,"中国原产的化妆品品牌有许多，以下是一些知名的中国化妆品品牌：
美宝莲（Maybelline）
盛唐（MARIE DALGAR）
丁家宜（D.J.V）",2,1
84.0,中国原产的化妆品品牌有哪些,Claude,"中国原产的知名化妆品品牌主要有宝洁、联合利华位列全球头部企业,连同宜昌人福、南极人、茵曼等民营企业品牌,共同构成中国化妆品市场的中坚力量。",2,1
84.0,中国原产的化妆品品牌有哪些,文心一言,"中国原产的化妆品品牌有：
上海家化：是中国历史最悠久的日化企业之一，前身是成立于1898年的香港广生行，是境内第一家上市的日化企业。
伽蓝：是一家集研发、生产、销售为一体，中国化妆品行业最具影响力的企业之一。
韩束：2014年韩束成为一线女星范冰冰的代言品牌，2015年4月韩束巨资聘请好莱坞著名影星凯特·莫斯为品牌代言人。",2,3
85.0,中国最知名的酒品牌是哪个,Chatgpt,中国最知名的酒品牌是茅台。,3,3
85.0,中国最知名的酒品牌是哪个,Claude,中国最知名的酒品牌应属茅台、五粮液和青岛啤酒。,1,1
85.0,中国最知名的酒品牌是哪个,文心一言,中国最知名的酒品牌是茅台。,3,3
86.0,杨振宁是哪个国家的人,Chatgpt,杨振宁（Chen-Ning Yang）是中国籍的物理学家，出生于中国江苏省南京市。,2,2
86.0,杨振宁是哪个国家的人,Claude,"杨振宁是中国人。
杨振宁,1922年出生于江苏常州,中国物理学家,曾获1957年诺贝尔物理学奖。",2,2
86.0,杨振宁是哪个国家的人,文心一言,杨振宁是中国的物理学家,2,2
87.0,吴亦凡是哪个国家的人,Chatgpt,吴亦凡（Kris Wu）是中国籍的艺人,2,3
87.0,吴亦凡是哪个国家的人,Claude,吴亦凡是加拿大人。,3,3
87.0,吴亦凡是哪个国家的人,文心一言,吴亦凡是加拿大人。,3,3
88.0,姚明是哪个国家的人,Chatgpt,姚明是中国籍的篮球运动员，出生于中国上海市。,3,3
88.0,姚明是哪个国家的人,Claude,姚明是中国籍的篮球运动员，出生于中国上海市。,3,3
88.0,姚明是哪个国家的人,文心一言,姚明是中华人民共和国国籍，拥有中国上海市徐汇区/祖籍江苏省苏州市吴江区震泽镇血统，是一位退役的中国职业篮球运动员,3,3
89.0,林俊杰是哪个国家的人,Chatgpt,林俊杰（JJ Lin），全名林俊杰，是新加坡籍的流行歌手,3,3
89.0,林俊杰是哪个国家的人,Claude,"林俊杰,1987年出生于新加坡,新马歌手,演员兼制作人。",3,2
89.0,林俊杰是哪个国家的人,文心一言,林俊杰是新加坡人，祖籍是中国福建省厦门市同安区。,3,3
90.0,陕西省最大的城市是哪个,Chatgpt,陕西省最大的城市是西安。,0,3
90.0,陕西省最大的城市是哪个,Claude,陕西省最大的城市是西安。,0,2
90.0,陕西省最大的城市是哪个,文心一言,陕西省最大的城市是榆林市，面积为42920.2平方公里。,3,2
91.0,美国最好的计算机院校有哪些,Chatgpt,"美国拥有众多顶尖的计算机院校，以下是一些被广泛认可为最好的计算机院校：
麻省理工学院（Massachusetts Institute of Technology）
斯坦福大学（Stanford University）
加州理工学院（California Institute of Technology）
哈佛大学（Harvard University）
卡内基梅隆大学（Carnegie Mellon University）
加州大学伯克利分校（University of California, Berkeley）
康奈尔大学（Cornell University）
芝加哥大学（University of Chicago）
宾夕法尼亚大学（University of Pennsylvania）
约翰霍普金斯大学（Johns Hopkins University）",2,3
91.0,美国最好的计算机院校有哪些,Claude,"美国最好的计算机院校有:
1. 斯坦福大学:斯坦福大学计算机科学专业排名世界第一,是最顶尖的计算机院校,许多硅谷公司的创始人如雅虎、谷歌的创始人都是斯坦福大学的校友。
2. 麻省理工学院:麻省理工学院也是世界顶级高科技院校,其电子工程和计算机科学专业高度领先,培养出大量高科技人才和企业家。
3. 卡内基梅陇大学:卡内基梅陇大学计算机科学专业排名世界前三,在人工智能等前沿领域研究居世界领先水平。
4. 加州理工学院:加州理工学院计算机专业也位居世界前列,是美国西部最好的理工科高校,被誉为“西部的MIT”。
5. 伯克利大学:伯克利大学计算机学院也在全美排名前五,是硅谷高科技人才的主要来源之一,具有很高的学术影响力。",2,3
91.0,美国最好的计算机院校有哪些,文心一言,美国计算机最好的大学有卡内基梅隆大学、麻省理工学院、斯坦福大学、加州大学伯克利分校和康奈尔大学。,1,2
92.0,爱因斯坦的母校是哪个,Chatgpt,爱因斯坦的母校是苏黎世联邦理工学院（ETH Zurich），位于瑞士苏黎世。,3,3
92.0,爱因斯坦的母校是哪个,Claude,爱因斯坦的母校是苏黎世联邦理工学院（ETH Zurich），位于瑞士苏黎世。,3,3
92.0,爱因斯坦的母校是哪个,文心一言,爱因斯坦毕业于苏黎世联邦理工学院。,3,3
93.0,日本的首都是哪个,Chatgpt,日本的首都是东京。,1,3
93.0,日本的首都是哪个,Claude,日本的首都是东京。,1,3
93.0,日本的首都是哪个,文心一言,日本的首都是东京。,1,3
94.0,权志龙是哪个国家的人,Chatgpt,权志龙（G-Dragon）是韩国籍的音乐人、歌手和词曲创作人。,3,3
94.0,权志龙是哪个国家的人,Claude,权志龙是中国香港的人。,0,0
94.0,权志龙是哪个国家的人,文心一言,权志龙是韩国人，是出生于韩国首尔的韩国流行乐男歌手、词曲创作人、音乐制作人，男子演唱组合BIGBANG的队长。,3,3
95.0,请分别列举中国，美国和日本的首都,Chatgpt,"中国的首都是北京（Beijing）。
美国的首都是华盛顿特区（Washington, D.C.）。
日本的首都是东京（Tokyo）。",2,3
95.0,请分别列举中国，美国和日本的首都,Claude,"中国的首都是北京。
美国的首都是华盛顿特区。
日本的首都是东京。",2,3
95.0,请分别列举中国，美国和日本的首都,文心一言,中国的首都是北京，美国的首都是华盛顿，日本的首都是东京。,2,3
96.0,请分别列举中国，美国和日本的短跑运动员,Chatgpt,"中国的短跑运动员：
苏炳添（Su Bingtian）
谢震业（Xie Zhenye）
张培萌（Zhang Peimeng）
美国的短跑运动员：
尤塞恩·博尔特（Usain Bolt）
贾斯汀·加特林（Justin Gatlin）
诺亚·莱尔（Noah Lyles）
日本的短跑运动员：
山縣亮太（Ryota Yamagata）
青木啓太（Keita Aoki）
渡边勇太（Yuta Watanabe）",3,0
96.0,请分别列举中国，美国和日本的短跑运动员,Claude,"中国的短中国著名的短跑运动员有:
• 苏炳添:60米、100米和200米短跑运动员。他曾获得2014年亚洲运动会男子100米金牌,并于2016年里约奥运会男子100米决赛中获得第6名。
• 宝力根:60米短跑运动员,曾获2006年世界室内田径赛60米金牌,2008年北京奥运会110米栏铜牌。
• 何军:60米和100米短跑运动员。他是第29届奥运会男子100米金牌得主,曾创造9秒99的100米亚洲纪录。
美国著名的短跑运动员有:
• 卡尔·刘易斯:100米和200米短跑运动员。他是男子100米和200米的奥运冠军和世锦赛冠军,曾9次获得美国100米和200米冠军。
• 贾斯汀·迈克尔·盖特林:60米短跑运动员,曾获三届世界室内田径赛60米金牌(2008年、2012年、2016年)。
• 托尼 ·麦克奎尔:100米短跑运动员,曾获得1997年世锦赛和2000年奥运会男子100米金牌。
日本著名的短跑运动员有:
• 土佐保理久:60米和100米短跑运动员,曾获1987年世锦赛100米金牌和60米银牌。
• 钱智士:60米短跑运动员,曾获1984年洛杉矶奥运会100米金牌和银牌。
• 北岛康介:100米短跑运动员,曾获1991年世锦赛男子100米金牌和冠军。跑运动员有苏炳添、谢震业、吴智强等，美国的短跑运动员有科尔曼、加特林、霍尔姆斯等，日本的短跑运动员有末续慎吾、仲满、御葛城慎等。",2,0
96.0,请分别列举中国，美国和日本的短跑运动员,文心一言,中国的短跑运动员有苏炳添、谢震业、吴智强等，美国的短跑运动员有科尔曼、加特林、霍尔姆斯等，日本的短跑运动员有末续慎吾、仲满、御葛城慎等。,3,1
97.0,请对中国，美国和日本的经济实力排名,Chatgpt,"美国：美国是目前世界上最大的经济体，拥有全球最大的国内生产总值（GDP）。
中国：中国是世界第二大经济体，近年来持续增长，并逐渐缩小与美国的经济差距。
日本：日本是世界第三大经济体，它在亚洲地区具有重要的经济地位，但与中国和美国相比，其经济规模较小。",3,2
97.0,请对中国，美国和日本的经济实力排名,Claude,经济实力方面:中国>美国>日本,1,0
97.0,请对中国，美国和日本的经济实力排名,文心一言,全球三大经济体的经济实力排名为美国、中国和日本。,3,3
98.0,请对中国，美国和俄罗斯的军事实力排名,Chatgpt,"美国军事实力应最强,然后是中国,俄罗斯居第三",2,2
98.0,请对中国，美国和俄罗斯的军事实力排名,Claude,"美国军事实力应最强,然后是中国,俄罗斯居第三",2,3
98.0,请对中国，美国和俄罗斯的军事实力排名,文心一言,根据《全球火力》最新排名，美国、俄罗斯和中国分别位列前三位。美国的军事实力依然雄踞榜首，俄罗斯排名第二，中国排名第三。值得注意的是，其他国家的军事实力排名也发生了不同程度的变化。,1,3
99.0,请对中国，美国和日本的人口数量进行排名,Chatgpt,中国>>美国>日本,3,3
99.0,请对中国，美国和日本的人口数量进行排名,Claude,中国>>美国>日本,3,3
99.0,请对中国，美国和日本的人口数量进行排名,文心一言,"中国的人口数量为1,405,372,834，排名第一。美国的人口数量为332,226,187，排名第二。日本的人口数量为126,890,000，排名第三。",3,3
100.0,请对中国，印度和朝鲜的人口数量进行排名,Chatgpt,"根据最新的统计数据，以下是中国、印度和朝鲜的人口数量排名：
中国：中国是世界上人口最多的国家，根据2021年的估计，中国的人口超过14亿，居世界第一位。
印度：印度是世界上第二人口最多的国家，根据2021年的估计，印度的人口约为13亿。
朝鲜：朝鲜（北朝鲜）是人口相对较小的国家，根据2021年的估计，朝鲜的人口约为2500万左右。",1,3
100.0,请对中国，印度和朝鲜的人口数量进行排名,Claude,人口数量的排名应为:中国>印度>>朝鲜。,1,3
100.0,请对中国，印度和朝鲜的人口数量进行排名,文心一言,中国的人口数量为14.26亿，印度的人口数量为14.12亿，朝鲜的人口数量为约2500万。,1,3
101.0,请对中国，美国，澳大利亚男篮实力进行排序,Chatgpt,"男篮实力的排序往往是主观的，因为很难通过客观指标来直接衡量。然而，我们可以根据历史表现和国际排名等因素进行初步排序：
美国男篮：美国男篮是历史上最强大的国家男篮之一，拥有许多NBA球星和优秀的大学篮球运动员。他们拥有15个奥运金牌和5个世界杯冠军，是目前国际篮球赛场上的最强大队伍之一。
中国男篮：中国男篮虽然目前在国际排名上较为靠后，但是作为世界上篮球人口最多的国家之一，他们在许多国际大赛上取得了历史性的成绩。目前，中国男篮已经获得了12次亚洲杯冠军和1个世界杯第8名的成绩。
澳大利亚男篮：澳大利亚男篮在过去的几届奥运会和世界杯上都有不俗的表现，例如2019年的世界杯就获得了第4名的好成绩。他们的阵容中有很多在NBA或其他世界知名联赛中效力的球员，因此他们也是国际篮球赛场上的一支强队。",1,3
101.0,请对中国，美国，澳大利亚男篮实力进行排序,Claude,"对中国、美国和澳大利亚男篮实力的排序,需要考虑许多因素,比较复杂:
1. 参赛频率和成绩:三个国家的男篮经常参加重大赛事,如奥运会和世锦赛,成绩也较为突出。其中,美国男篮成绩最佳,曾8次获得奥运会和世锦赛冠军。中国男篮紧随其后,曾5次获得世锦赛冠军。澳大利亚男篮实力稍逊,但也有第3名的好成绩。
2. 球员实力:三队都拥有世界一流的篮球明星,但总体实力美国最强,中国次之,澳大利亚稍逊。美国NBA联赛是世界最高水平的篮球联赛,大部分美国男篮球员均来自NBA。
3. 战术水平:美国男篮战术最为成熟,中国男篮也较为出色。澳大利亚男篮战术实力较两者稍逊。
综合来看,如果仅从男篮实力来排名,美国男篮应位居第一,中国男篮第二,澳大利亚男篮第三。但三队的实力差距不大,澳大利亚男篮也具备一定的实力,与中国男篮接近。如果澳大利亚持续发展,未来实力还有提高的空间。
以上排序和评价主要基于三队历年主要比赛的成绩和表现。如果今后成绩和实力发生较大变化,排序结果也可以相应作出调整。但总体来说,美国男篮实力应是三队之首,这一点在未来也难以改变。",1,2
101.0,请对中国，美国，澳大利亚男篮实力进行排序,文心一言,中国男篮、美国男篮和澳大利亚男篮的实力都非常强大，根据最新的国际篮联男篮世界排名，美国男篮排名第一，澳大利亚男篮排名第三，中国男篮排名第27位。,2,3
102.0,请对中国，美国，日本的乒乓球实力进行排序,Chatgpt,"在国际乒乓球赛场上，中国、美国和日本都是有实力的队伍，但根据过去几年的成绩和当前排名可以进行如下排序：

中国乒乓球队：作为乒乓球运动的“王国”，中国拥有众多世界级选手和世界冠军，是国际乒乓球赛场上最为强大的队伍之一。目前，中国乒乓球队的世界排名处于榜首。

日本乒乓球队：近年来，日本乒乓球队在国际比赛中的表现越来越抢眼，在2018年的世界团体锦标赛中，日本队战胜了中国队夺得了冠军。目前，日本乒乓球队的世界排名在2-5名之间。

美国乒乓球队：尽管在全球范围内乒乓球并不像中国和其他亚洲国家那样流行，但美国乒乓球队在国际大赛中的表现越来越受到关注。目前，美国乒乓球队在世界排名中排名第18位，已经有一些选手在国际赛场上取得了好成绩。",3,1
102.0,请对中国，美国，日本的乒乓球实力进行排序,Claude,"对中国、美国和日本乒乓球实力的排序如下:
1. 中国乒乓球队:世界第一,实力最强。中国乒乓球运动员获奥运会和世锦赛的金牌次数占总数的一半以上,绝对的世界霸主。中国培养了许多传奇级运动员,技术、战术均处于世界领先水平。
2. 日本乒乓球队:世界第二,实力较强。日本男队和女队均获得过世锦赛冠军,培养出不少顶级高手,与中国队实力最接近。但总体技术和深度不及中国队。
3. 美国乒乓球队:世界第三,实力一般。美国虽然也获得过奥运会奖牌,但在世锦赛上成绩较差,很难进入前三。美国乒乓球发展时间较短,运动员数量和总体实力都不及中国和日本队。
所以,如果仅从国家乒乓球队的实力来看,中国队应该高居世界第一,日本队第二,美国队第三。中国队的超强实力在世界范围内都无可争议,日本队也是实力最接近的劲敌,而美国队实力还有提高空间,离世界乒乓球强国还有一定差距。
与男篮类似,乒乓球实力的判断也需要考虑多方因素,主要包括运动员实力、战绩成绩、培养体系等。这些因素若发生较大变化,未来排序也可以作出相应调整。但总体来说,中国乒乓球队的世界第一地位在短期内难以被撼动。",2,3
102.0,请对中国，美国，日本的乒乓球实力进行排序,文心一言,中国、日本、美国的乒乓球实力都非常强大，但是根据过去的成绩和表现，中国的乒乓球运动员在奥运会上获得金牌的数量和质量都明显优于其他两个国家。所以，在这方面，中国的乒乓球实力排名第一。日本的乒乓球实力也非常强大，在过去的奥运会上有过很好的表现，但是相对于中国，还是有一些差距。美国的乒乓球实力相对于中国和日本略显逊色，但也有不少优秀的运动员。总的来说，乒乓球实力排名为：中国、日本、美国。,2,4
103.0,请对中国，美国，日本的GDP进行排序,Chatgpt,"根据国际货币基金组织（IMF）2021年4月发布的数据，以下是中国、美国和日本的GDP：

美国：2020年GDP为21.43万亿美元，是世界上最大的经济体之一。

中国：2020年GDP为14.34万亿美元，是世界上第二大经济体。

日本：2020年GDP为4.87万亿美元，是世界上第三大经济体。

因此，按照GDP从大到小的顺序排序为：美国 > 中国 > 日本。",3,3
103.0,请对中国，美国，日本的GDP进行排序,Claude,"根据最新国际货币基金组织(IMF)公布的国家GDP数据,中国、美国和日本的GDP排序如下:
1. 美国:人均GDP约65,600美元,世界第一经济体,较大经济体排名第二。美国GDP总量达20.49万亿美元。
2. 中国:人均GDP约10,100美元,较大经济体排名第一。中国GDP总量达14.72万亿美元,超过三方面之和。
3. 日本:人均GDP约40,900美元,较大经济体排名第三。日本GDP总量达5.15万亿美元。  
综上,如果仅从GDP总量和人均GDP来判断,美国应位居世界第一,中国第二,日本第三。美国GDP总量最大,人均GDP也最高。中国GDP总量第二,但由于人口基数大,人均GDP较低,总体实力不及美国。日本GDP总量第三,人均GDP水平在两者之间。
需要注意的是,GDP并不等同于国家经济实力或国民生活水平。 经济实力还受科技创新能力、产业结构、收入分配等多方面影响。人均GDP也无法充分反映普通民众的实际生活水平。
所以,尽管按GDP总量或人均GDP排名,美国高居第一,但从综合国力来判断,中美实力应接近,而日本实力稍有差距。如果考虑到人口红利消失和经济转型等因素,中国实力也面临一定下行压力。所以今后国力的变化还是有待观察。
2020年年中数据,日后继续更新。 ",3,0
103.0,请对中国，美国，日本的GDP进行排序,文心一言,"根据国际货币基金组织（IMF）的数据，2021年各国GDP排名为美国、中国、日本、德国、英国、印度、法国、意大利、巴西和加拿大。
美国是世界上最大的经济体，其GDP总量超过21万亿美元，占全球GDP总量的24%左右。
中国是世界上第二大经济体，其GDP总量超过14万亿美元，占全球GDP总量的16%左右。
日本是世界上第三大经济体，其GDP总量超过4.9万亿美元，占全球GDP总量的6%左右。
所以，从GDP的角度来看，中国的GDP排名高于美国和日本。",1,1
104.0,请对电影阿凡达，泰坦尼克号，复仇者联盟的票房进行排序,Chatgpt,"根据Box Office Mojo的数据，以下是阿凡达、泰坦尼克号和复仇者联盟的全球票房：

阿凡达：全球票房达到了28.76亿美元。

泰坦尼克号：全球票房达到了22.5亿美元。

复仇者联盟：全球票房达到了20.81亿美元。

因此，按照票房从大到小进行排序为：阿凡达 > 泰坦尼克号 > 复仇者联盟。",3,3
104.0,请对电影阿凡达，泰坦尼克号，复仇者联盟的票房进行排序,Claude,"根据三部电影的全球票房统计,可以这样排序:
1. 阿凡达:全球票房280.8亿美元。作为史上最卖座的电影之一,它带来了强大的视觉震撼力与科幻想象力。
2. 泰坦尼克号:全球票房26.6亿美元。泰坦尼克号以震撼人心的悲剧爱情故事和海难场面征服了全球观众。
3. 复仇者联盟:全球票房20.8亿美元。作为漫威电影宇宙的重要片,复仇者联盟将多个超级英雄聚集在一起,大获成功。
综上,若仅从全球票房数字来看,电影阿凡达应该高居第一位,泰坦尼克号位列第二,复仇者联盟第三。阿凡达凭借强大的视觉震撼力和科幻想象,打破了多项票房记录。泰坦尼克号以悲剧爱情为主题,也产生巨大反响。而复仇者联盟作为著名系列电影,也获得无数影迷追捧。
需要注意,票房虽然重要,但并不绝对代表一部电影的质量或影响力。有的影片发行时机不佳,或受制于审查制度,票房未必能完全反映其真实价值。阿凡达之所以能取得如此巨大成功,也在于当时3D电影的热潮以及观众对科幻题材的热情。
所以,尽管从票房排名阿凡达居首,但若从影片本身来判断,三部电影的地位应该非常接近。它们都属于里程碑式的经典巨制,对电影产业和观众产生过深远影响。如果排除外部因素,它们的艺术成就和文化影响力可以说难分伯仲。
统计时间:截至2021年6月",3,0
104.0,请对电影阿凡达，泰坦尼克号，复仇者联盟的票房进行排序,文心一言,根据全球电影票房数据，电影《阿凡达》排名第一，《泰坦尼克号》排名第二，《复仇者联盟》排名第五。,3,3
105.0,周杰伦创作的歌是哪个，故乡的云，黄河大合唱还是我的中国心,Chatgpt,周杰伦创作的歌曲中，其中没有《故乡的云》和《黄河大合唱》这两首歌。他创作并演唱了一首叫做《我的中国心》的歌曲。,1,1
105.0,周杰伦创作的歌是哪个，故乡的云，黄河大合唱还是我的中国心,Claude,“故乡的云”是付辛博创作的歌。“黄河大合唱”是刘欢创作的歌。周杰伦创作并演唱的歌是“我的中国心”。,1,0
105.0,周杰伦创作的歌是哪个，故乡的云，黄河大合唱还是我的中国心,文心一言,周杰伦创作的歌曲包括《故乡的云》、《黄河大合唱》和《我的中国心》，《故乡的云》是他在2008年发行的专辑《依然范特西》中的一首歌曲。,0,0
106.0,姚明在NBA的哪个球队效力过：金州勇士，纽约尼克斯，克利夫兰骑士,Chatgpt,姚明在NBA的球队是纽约尼克斯：姚明在NBA职业生涯中曾效力过休斯顿火箭队，但并没有效力过金州勇士或克利夫兰骑士。,1,0
106.0,姚明在NBA的哪个球队效力过：金州勇士，纽约尼克斯，克利夫兰骑士,Claude,姚明在NBA的哪个球队效力过： 正确答案是 - 休斯顿火箭 解释：姚明在NBA的职业生涯中效力于休斯顿火箭队，而不是金州勇士、纽约尼克斯或克利夫兰骑士。,3,3
106.0,姚明在NBA的哪个球队效力过：金州勇士，纽约尼克斯，克利夫兰骑士,文心一言,姚明在NBA的效力球队是休斯顿火箭队。所以，给出的选项中金州勇士，纽约尼克斯，克利夫兰骑士都不是他效力过的球队。,3,3
107.0,吴京导演过哪部电影：西游记，红楼梦，花千骨,Chatgpt,吴京导演过的电影是西游记：吴京是一位著名的中国动作演员和导演，他导演的电影中，最出名的是《战狼》系列和《流浪地球》，并没有导演过《红楼梦》或《花千骨》。,1,0
107.0,吴京导演过哪部电影：西游记，红楼梦，花千骨,Claude,"吴京导演过哪部电影： 正确答案是 - 战狼 解释：吴京导演过电影《战狼》系列,而没有导演过《西游记》、《红楼梦》或《花千骨》。",3,1
107.0,吴京导演过哪部电影：西游记，红楼梦，花千骨,文心一言,吴京导演过的电影包括《战狼》系列，但西游记，红楼梦，花千骨都不是他导演的作品。,3,3
108.0,范冰冰获得过哪个国际影视奖项：金牛奖，铁头娃奖，铜奖,Chatgpt,范冰冰获得过的国际影视奖项是金牛奖：范冰冰是中国知名女演员，曾获得多个国际影视奖项，但没有获得铁头娃奖或铜奖。,1,1
108.0,范冰冰获得过哪个国际影视奖项：金牛奖，铁头娃奖，铜奖,Claude,"范冰冰获得过哪个国际影视奖项： 正确答案是 - 金熊奖 解释：范冰冰曾获得柏林国际电影节的金熊奖,而没有获得过""金牛奖""、""铁头娃奖""或""铜奖""。",3,3
108.0,范冰冰获得过哪个国际影视奖项：金牛奖，铁头娃奖，铜奖,文心一言,范冰冰获得过的国际影视奖项包括多个，但金牛奖，铁头娃奖并不是她所获得的奖项。我不清楚“铜奖”是否特指某个具体的国际影视奖项，但如果是指一般意义上的铜奖，那么可能涵盖的范围太广，不足以精确描述。,3,3
109.0,蔡依林的代表作是哪首歌：大长今，小丑鱼，童话,Chatgpt,蔡依林的代表作是小丑鱼：蔡依林是一位知名的台湾女歌手，其中《大长今》和《童话》是她的知名作品，但《小丑鱼》并非她的代表作。,1,0
109.0,蔡依林的代表作是哪首歌：大长今，小丑鱼，童话,Claude,"蔡依林的代表作是哪首歌： 正确答案是 - 小冰冰 解释：蔡依林的代表作是歌曲《小冰冰》,而不是《大长今》、《小丑鱼》或《童话》。",3,0
109.0,蔡依林的代表作是哪首歌：大长今，小丑鱼，童话,文心一言,蔡依林的代表作包括《看我72变》、《爱情36计》、《舞娘》等多首歌曲，但大长今，小丑鱼，童话并不是她的代表作。,3,3
110.0,周星驰主演过哪部喜剧电影：流星花园，小时代，战狼,Chatgpt,周星驰主演过的喜剧电影是小时代：周星驰是著名的中国喜剧演员，主演过《功夫》、《大话西游》等多部经典喜剧电影，与《流星花园》和《战狼》等剧情电影无关。,1,0
110.0,周星驰主演过哪部喜剧电影：流星花园，小时代，战狼,Claude,"周星驰主演过哪部喜剧电影： 正确答案是 - 功夫 解释：周星驰主演过许多经典的喜剧电影,如《功夫》,而没有主演过《流星花园》、《小时代》或《战狼》。",3,1
110.0,周星驰主演过哪部喜剧电影：流星花园，小时代，战狼,文心一言,周星驰主演过的喜剧电影包括《喜剧之王》、《少林足球》、《功夫》等，但流星花园，小时代，战狼并不是他主演的电影。其中，《流星花园》是一部偶像剧，《小时代》是由郭敬明导演的电影，而《战狼》则是吴京主演的动作片。,3,3
