测试用例,0,输出内容,小组评分评分,GPT4o评分
"夫人何处去,猜一字",-1,往,0,1
"夫人何处去,猜一字",-2,去,0,0
"夫人何处去,猜一字",-3,一,1,3
红黄蓝白会变形，像凤像龙是化身，往来千里不停留，一阵轻风吹干净，打一自然物,-1,彩虹,1,3
红黄蓝白会变形，像凤像龙是化身，往来千里不停留，一阵轻风吹干净，打一自然物,-2,云,3,3
红黄蓝白会变形，像凤像龙是化身，往来千里不停留，一阵轻风吹干净，打一自然物,-3,云,3,3
存心不让出大门，你说烦人不烦人，猜一字,-1,闷,3,3
存心不让出大门，你说烦人不烦人，猜一字,-2,蜂,1,3
存心不让出大门，你说烦人不烦人，猜一字,-3,闷,3,3
"十日十月,猜一字",-1,朝,3,3
"十日十月,猜一字",-2,寒,1,3
"十日十月,猜一字",-3,朝,3,3
开创爬山最高纪录 (打一成语),-1,登峰造极,3,3
开创爬山最高纪录 (打一成语),-2,开山辟路,1,1
开创爬山最高纪录 (打一成语),-3,再上高峰,1,3
综合门市。猜一字,-1,集,2,3
综合门市。猜一字,-2,广或义,1,1
综合门市。猜一字,-3,们字,1,1
鲁迅诞辰100周年 (打一成语),-1,百年树人,3,3
鲁迅诞辰100周年 (打一成语),-2,百年树人,3,1
鲁迅诞辰100周年 (打一成语),-3,百年树人,3,3
"雨落在横山上,猜一字",-1,雪,2,0
"雨落在横山上,猜一字",-2,秋,2,3
"雨落在横山上,猜一字",-3,雪,0,0
"三张纸,猜一个字",-1,信,1,1
"三张纸,猜一个字",-2,信,1,4
"三张纸,猜一个字",-3,丰,1,3
简历 (打一古代著作),-1,信,1,1
简历 (打一古代著作),-2,履历,2,0
简历 (打一古代著作),-3,战国策,1,3
颠倒为钱就是错 (打一春秋人名),-1,子贡,1,3
颠倒为钱就是错 (打一春秋人名),-2,黑聚,1,0
颠倒为钱就是错 (打一春秋人名),-3,夫差,1,3
阎罗王 (打一成语),-1,掌上明珠,1,1
阎罗王 (打一成语),-2,审阎考核,1,1
阎罗王 (打一成语),-3,生死相隔,1,3
"六十不足,八十有余,猜一字",-1,年,1,3
"六十不足,八十有余,猜一字",-2,寿,1,3
"六十不足,八十有余,猜一字",-3,平,3,3
初听鹧鸪啼 (打一字),-1,心,2,2
初听鹧鸪啼 (打一字),-2,啼,2,0
初听鹧鸪啼 (打一字),-3,鸣,3,3
"需要一半,留下一半。猜一字",-1,贝,2,3
"需要一半,留下一半。猜一字",-2,分,2,3
"需要一半,留下一半。猜一字",-3,雷,3,1
小小东西妙无穷，茫茫大海逞英雄，红针遥指千里路，心心相印一线通。(打一工具),-1,指南针,3,3
小小东西妙无穷，茫茫大海逞英雄，红针遥指千里路，心心相印一线通。(打一工具),-2,针 ,0,1
小小东西妙无穷，茫茫大海逞英雄，红针遥指千里路，心心相印一线通。(打一工具),-3,船舵,2,1
你我各一半，互相来征战。(打一字),-1,信,1,1
你我各一半，互相来征战。(打一字),-2,心,1,3
你我各一半，互相来征战。(打一字),-3,伐,3,3
一只狗，两个口，谁遇它谁发愁。猜一字,-1,哭,3,3
一只狗，两个口，谁遇它谁发愁。猜一字,-2,疯 ,1,1
一只狗，两个口，谁遇它谁发愁。猜一字,-3,哭,3,3
"上下串通,猜一个字",-1,绞,1,3
"上下串通,猜一个字",-2,贯,1,3
"上下串通,猜一个字",-3,卡,3,0
家住江山海外边，别人未睡我先眠，床头大姐身未起，我已来到房檐前。(打一自然物),-1,雨,1,3
家住江山海外边，别人未睡我先眠，床头大姐身未起，我已来到房檐前。(打一自然物),-2,月,1,3
家住江山海外边，别人未睡我先眠，床头大姐身未起，我已来到房檐前。(打一自然物),-3,太阳,3,3
"五口之家,旁种一树,猜一个字",-1,林,1,2
"五口之家,旁种一树,猜一个字",-2,榕,1,2
"五口之家,旁种一树,猜一个字",-3,棵,1,1
"心如刀刺,猜一字 ",-1,痛,2,3
"心如刀刺,猜一字 ",-2,剜 ,2,1
"心如刀刺,猜一字 ",-3,必,3,3
带着平顶帽，身穿圆筒祅，虽然一只眼，暗中逞英豪。,-1,密,1,3
带着平顶帽，身穿圆筒祅，虽然一只眼，暗中逞英豪。,-2,洞庭鼓,1,0
带着平顶帽，身穿圆筒祅，虽然一只眼，暗中逞英豪。,-3,作为一个人工智能语言模型，我还没学习如何回答这个问题，您可以向我问一些其它的问题，我会尽力帮您解决的。,0,0
"大丈夫不得出头,猜一个字",-1,妇,2,3
"大丈夫不得出头,猜一个字",-2,露,2,3
"大丈夫不得出头,猜一个字",-3,天,3,3
一直结为同心人,-1,夫,1,1
一直结为同心人,-2,患,1,2
一直结为同心人,-3,束,3,2
一点一横一飘，背上背个药包包。,-1,方,3,0
一点一横一飘，背上背个药包包。,-2,烟,1,3
一点一横一飘，背上背个药包包。,-3,府,1,3
慢行有好处 (打一成语),-1,忍得一时风平浪静,1,1
慢行有好处 (打一成语),-2,贤者不走极道 ,1,0
慢行有好处 (打一成语),-3,进退两难,1,1
反手上篮 (打一字),-1,投 ,1,0
反手上篮 (打一字),-2,投 ,1,1
反手上篮 (打一字),-3,反篮,1,1
"刀出鞘,猜一字",-1,力,3,3
"刀出鞘,猜一字",-2,鞘 ,1,0
"刀出鞘,猜一字",-3,力,3,3
问得直接一点 (打一字),-1,几,1,3
问得直接一点 (打一字),-2,谈 ,1,3
问得直接一点 (打一字),-3,间,1,1
"三口重叠,莫把品字猜,猜一个字",-1,口,1,3
"三口重叠,莫把品字猜,猜一个字",-2,口  (三个口在一起是品字) ,1,1
"三口重叠,莫把品字猜,猜一个字",-3,目,3,1
看着无色，躺着无声，吃着无味，照见人影。(打一自然物),-1,镜,1,3
看着无色，躺着无声，吃着无味，照见人影。(打一自然物),-2,水,3,3
看着无色，躺着无声，吃着无味，照见人影。(打一自然物),-3,镜子,1,0
谁著《艳阳天》 (打《正气歌》一句),-1,义士,2,0
谁著《艳阳天》 (打《正气歌》一句),-2,文天祥,2,0
谁著《艳阳天》 (打《正气歌》一句),-3,于人曰浩然,3,3
"十个哥哥 ,猜一个字",-1,兄,0,1
"十个哥哥 ,猜一个字",-2,十,0,0
"十个哥哥 ,猜一个字",-3,奋,0,1
三月一直看柳色 (打一字),-1,春,2,3
三月一直看柳色 (打一字),-2,柳,2,0
三月一直看柳色 (打一字),-3,风,2,0
为什么梨子是温度最高的水果?,-1,实际上，梨子并不是温度最高的水果。梨子与其他水果一样，在常温下并没有比其他水果更高的温度。水果的温度取决于周围环境的温度以及存放的条件。如果梨子在热环境中存放，可能会变得温暖，但这不是梨子本身固有的性质。因此，梨子并不具备特别高的温度特点。,2,1
为什么梨子是温度最高的水果?,-2,"梨子的温度较高主要有以下几个原因:
1. 梨子的糖分和酸度较高,这会产生更多的新陈代谢和生理反应,从而释放更多的热量,导致温度升高。
2. 梨子的含水量也比较高,水的比热容量很大,所以吸收了更多的热量才会使温度变化。
3. 梨子中的淀粉、蛋白质等也较丰富,这些物质的新陈代谢会产生一定的热量。
4. 梨子的密度较大,所以在同等体积下,它包含的物质和热量更多,需要更高的温度来达到热平衡。
5. 梨子的吸热性较强,容易从周围环境吸收热量,并且失热较慢,所以达到热平衡需要更高的温度。
6. 梨子的表面积与体积比例较小,所以与外界环境的热交换比较慢,需要更高的温度差才能达到热量平衡。
综上,梨子之所以温度最高,是其物理属性与化学组成造成的,需要更高的温度来达到与外界环境的热量平衡。这些属性共同决定了梨子的温度较高这个特点。",2,1
为什么梨子是温度最高的水果?,-3,"梨子是温度最高的水果的说法源于一种美发技术。

有一种美发技术叫做离子烫，离子烫是通过改变发质结构来直发，烫发后头发会变得又顺又直，而离子烫的“离子”和梨子的“梨”谐音，所以梨子就被人们认为是最高的水果。但是这种说法缺乏科学依据，不要盲目相信。",3,1
颜色青又亮，好似水一样，不能沉水底，只能浮水上。(打一食物),-1,豆腐,1,0
颜色青又亮，好似水一样，不能沉水底，只能浮水上。(打一食物),-2,面,1,3
颜色青又亮，好似水一样，不能沉水底，只能浮水上。(打一食物),-3,油条,1,2
"公而忘私,猜一字 ",-1,义,1,3
"公而忘私,猜一字 ",-2,惠 ,1,1
"公而忘私,猜一字 ",-3,八,3,3
"山上复山,猜一个字",-1,岳,3,3
"山上复山,猜一个字",-2,峰,1,3
"山上复山,猜一个字",-3,出,1,3
"九点,猜一字",-1,钟 ,2,1
"九点,猜一字",-2,钟 ,2,1
"九点,猜一字",-3,丸,3,3
什么东西穿过了你的皮肤你却不觉得疼?打一器官,-1,眼睛,3,1
什么东西穿过了你的皮肤你却不觉得疼?打一器官,-2,针 ,1,0
什么东西穿过了你的皮肤你却不觉得疼?打一器官,-3,影子,1,0
格外大方。猜一字,-1,宽,2,3
格外大方。猜一字,-2,慷,2,3
格外大方。猜一字,-3,回,3,1
日落江边一抹斜 (打一字),-1,晚,1,3
日落江边一抹斜 (打一字),-2,光 ,1,3
日落江边一抹斜 (打一字),-3,油,1,1
"水上工程,猜一个字",-1,船舵,1,1
"水上工程,猜一个字",-2,坝,1,3
"水上工程,猜一个字",-3,汞,3,3
一月一日非今天。猜一字,-1,昨 ,1,③
一月一日非今天。猜一字,-2,昨 ,1,1
一月一日非今天。猜一字,-3,其,1,0
法海想自杀，白娘子说那你咬我一口吧，为什么?,-1,法海想自杀，白娘子说那你咬我一口吧，是因为白娘子身具仙力，她知道自己被咬后，法海会中了她的毒，从而免于自杀。,1,1
法海想自杀，白娘子说那你咬我一口吧，为什么?,-2,"这是《白蛇传》中的一个情节。法海想自杀,白娘子允许他咬她一口,目的是要利用自己的蛇毒让法海中毒而死,以免法海真的自杀身亡。
白娘子作为千年蛇妖,其身体里必定含有强烈的蛇毒。她认为,让法海咬自己一口,法海会被蛇毒中毒,这样就可以达到让法海死亡的目的,而不必真的让法海自杀。这是白娘子的一种策略和手段,既可以避免法海自杀,也可以达到除掉法海的目的,可以说既仁慈又狠毒。
所以,白娘子之所以要法海咬她一口,最根本的目的还是要利用自己的蛇毒毒死法海,只是形式上给法海一个“咬自己一口”的机会,实际达到的效果是毒死法海,避免法海真的自杀身亡。这showcase了白娘子的狠辣和机智。
所以,综上,白娘子要法海咬她一口的主要目的就是要利用自己的蛇毒毒杀法海,达到除掉法海而又不使其自杀的目的。这体现了白娘子的狠辣手段和机智策略。",1,1
法海想自杀，白娘子说那你咬我一口吧，为什么?,-3,"法海是《白蛇传》中的角色，白娘子是《白蛇传》中的女主角，法海是钵盂世界中人，与尘世间隔着大雄宝殿上的那尊佛像。

因此，这个问题存在误解和不符合事实的问题。白娘子向法海咬一口的说法，不仅没有任何意义，也不符合这两个人物角色的关系和情节。

因此，这个问题没有合理的答案。",1,1
"雷不雨,猜一字",-1,霆,2,评分标准：4。
"雷不雨,猜一字",-2,电 ,2,3
"雷不雨,猜一字",-3,田,3,3
卖的不喜欢吃，喜欢吃的不买，买的也不喜欢吃是什么东西?,-1,草,2,3
卖的不喜欢吃，喜欢吃的不买，买的也不喜欢吃是什么东西?,-2,医药,2,1
卖的不喜欢吃，喜欢吃的不买，买的也不喜欢吃是什么东西?,-3,亏,3,1
头戴红缨帽，身穿乌金袍，嘴里喊我公公，手里要发牢骚。(打一动物),-1,喜鹊,0,3
头戴红缨帽，身穿乌金袍，嘴里喊我公公，手里要发牢骚。(打一动物),-2,喜鹊,0,3
头戴红缨帽，身穿乌金袍，嘴里喊我公公，手里要发牢骚。(打一动物),-3,公鸡,0,3
糖、醋、油、盐谁的工作量最少?,-1,糖,2,1
糖、醋、油、盐谁的工作量最少?,-2,盐,3,3
糖、醋、油、盐谁的工作量最少?,-3,盐,3,2
一条腿，一排牙，个头不大作用大，每天回家都求他。(打一生活物),-1,门,1,2
一条腿，一排牙，个头不大作用大，每天回家都求他。(打一生活物),-2,钥匙,3,3
一条腿，一排牙，个头不大作用大，每天回家都求他。(打一生活物),-3,钥匙,3,3
近墨者黑 (打一成语),-1,近朱者赤,3,3
近墨者黑 (打一成语),-2,近朱者赤,2,3
近墨者黑 (打一成语),-3,玄之又玄,2,3
劝君莫惜金缕衣 (打唐诗五言),-1,是王之涣的《登鹳雀楼》,3,0
劝君莫惜金缕衣 (打唐诗五言),-2,"劝君莫惜金缕衣,劝君惜取少年时。",3,3
劝君莫惜金缕衣 (打唐诗五言),-3,贵重若不克，空中候选踪,3,0
皇帝新衣。猜一字,-1,虚,2,3
皇帝新衣。猜一字,-2,裸,2,3
皇帝新衣。猜一字,-3,袭,3,3
"不要讲话,猜一个字",-1,默,1,3
"不要讲话,猜一个字",-2,默,1,3
"不要讲话,猜一个字",-3,口风,1,3
前仆后继 (打一成语),-1,接力,0,1
前仆后继 (打一成语),-2,壮士断腕,0,0
前仆后继 (打一成语),-3,勇往直前,0,3
小明没学过英语，为什么他还能和美国人正常交流呢?,-1,"
小明能够与美国人正常交流可能有以下几种可能的解释：

翻译或口译：小明可能有一位翻译或口译人员帮助他与美国人进行交流。这位专业人士可以理解和翻译双方的语言，使他们能够进行有效的交流。

共同使用一种第三方语言：尽管小明没有学过英语，但他和美国人可能找到了一种共同的语言，例如法语、西班牙语或其他双方都熟悉的语言。通过使用这种共同的语言，他们可以进行基本的交流。

非语言交流：交流并不仅仅限于语言。人们可以通过肢体语言、面部表情、手势和其他非语言方式进行交流。通过这种方式，小明和美国人可以传达基本的信息和意图，以实现相对正常的交流。

需要注意的是，这些解释只是可能的情况之一。具体情况取决于小明和他交流的美国人之间的具体背景和交流方式。",3,1
小明没学过英语，为什么他还能和美国人正常交流呢?,-2,"这是一个虚构的情况,不存在现实生活中。要实现与美国人正常交流,小明必须具备一定的英语能力,否则交流无从谈起。如果小明真的从未学过任何英语,那么和美国人正常交流是几乎不现实的,除非使用翻译设备,但是也难以实现完全无障碍的正常交流。
虚构这个情况的原因可能有:
1. 小明通过观看英语影视节目、听英语歌曲等方式自学了英语,但他不承认这属于学习。
2. 小明具有语言天分,通过大量听与观察,对英语有了相当的理解和熟练掌握,达到了与美国人交流的水平。但这是极少数人可以实现的。
3. 有知识的外国友人通过某种方式(如翻译设备)帮助小明实现了和美国人的交流,但小明误以为是自己的英语水平达标。
4. 小明相信自己通过感觉和直觉可以和美国人交流,但实际上美国人无法真正理解小明,这其实不是真正意义上的交流,只是一厢情愿。
5. 这个情况纯属虚构,目的是想表明小明天赋异禀,实际上是不可实现的。
所以,除非存在以上某种情况,否则没有任何英语基础的小明根本无法和美国人正常交流。这是一个不现实的虚构情节。真正实现交流,小明必须具备一定的英语能力作为基础,没有语言的交流是不现实的。",3,1
小明没学过英语，为什么他还能和美国人正常交流呢?,-3,谜语说小明不会英语，没有说对方不会中文，让对方用中文交流就好了。,3,3
"十二点 ,猜一个字",-1,中,2,3
"十二点 ,猜一个字",-2,午,2,3
"十二点 ,猜一个字",-3,斗,3,3
人在什么情况下会变成鸡?,-1,"人类不可能变成鸡，这是不正确的。

人类是智慧动物，是一种哺乳动物，拥有高度发达的大脑和复杂的文化、语言和科技水平。鸡是一种家禽，通常被人类用于食品加工和烹饪。

因此，人类不可能变成鸡，这不符合事实。",0,1
人在什么情况下会变成鸡?,-2,"人变成鸡是不现实的,这只存在于神话、传说中。在现实生活中,人不会变成鸡。
但是,在某些情况下,人可能会表现得像鸡,这通常是由于:
1. 恐惧。人在极度恐惧时,可能会发出如同鸡叫一般的尖叫声,身体也可能会不受控制地乱颤,这时的举止可能被比喻为“像鸡”。
2. 优越感。某些人在获得胜利或优势时,可能会发出夸张的鸡唱声,这也被比喻为“像鸡”。这通常表现为理性 momentarily 丧失。
3. 谄媚。某些人对权势者过度奉承,像鸡一样围着人转,讨好有加,这种行为也被比喻为“像鸡”。
4. 失态。正常情况下举止得体的人,在某些失态的情况下,可能会手舞足蹈、皮笑肉不笑,不知所措,这也易给人“像鸡”的感觉。
5. illusion。在观看魔术表演等创造了错觉的场合,人可能会有短暂的像变成鸡的错觉,但这是视觉上的illusion,并非真的变成鸡。
所以,除上述在表现和错觉上“像鸡”的情况外,人不会真的变成鸡。这只能出现在神话和传说中,而不现实。在现实生活中,人与鸡是两个完全不同的物种,人不会变成鸡。",0,1
人在什么情况下会变成鸡?,-3,"人类不可能变成鸡，这是不正确的。

人类是智慧动物，是一种哺乳动物，拥有高度发达的大脑和复杂的文化、语言和科技水平。鸡是一种家禽，通常被人类用于食品加工和烹饪。

因此，人类不可能变成鸡，这不符合事实。",0,1
"手提包,猜一个字",-1,包,2,3
"手提包,猜一个字",-2,袋,2,1
"手提包,猜一个字",-3,革,2,3
"人有他则变大,猜一个字",-1,影,1,0
"人有他则变大,猜一个字",-2,心,1,3
"人有他则变大,猜一个字",-3,一,3,1
"五十对耳朵 ,猜一个字",-1,听,0,0
"五十对耳朵 ,猜一个字",-2,百,0,1
"五十对耳朵 ,猜一个字",-3,陌,3,0
"太阳西边下,月儿东边挂,猜一字",-1,晚,1,3
"太阳西边下,月儿东边挂,猜一字",-2,山,1,0
"太阳西边下,月儿东边挂,猜一字",-3,明,1,3
一点水准。猜一字,-1,满,1,3
一点水准。猜一字,-2,海 ,1,2
一点水准。猜一字,-3,冲,1,3
"文武两全,猜一字",-1,杰,0,3
"文武两全,猜一字",-2,才,0,3
"文武两全,猜一字",-3,斌,3,3
"人不在其位 ,猜一个字",-1,失,3,4
"人不在其位 ,猜一个字",-2,不舒服,0,1
"人不在其位 ,猜一个字",-3,立,0,3
文化兵 (打一成语),-1,文武双全,2,3
文化兵 (打一成语),-2,笔枪,2,1
文化兵 (打一成语),-3,有识之士,3,3
四面都是山，山山都相连。猜一字,-1,围,1,1
四面都是山，山山都相连。猜一字,-2,洞 ,1,0
四面都是山，山山都相连。猜一字,-3,田,1,3
一人一张口，下面长只手。猜一字,-1,言,2,3
一人一张口，下面长只手。猜一字,-2,人形,2,1
一人一张口，下面长只手。猜一字,-3,拿,3,3
什么门不能有门栓?,-1,背门,1,1
什么门不能有门栓?,-2,洞门,2,1
什么门不能有门栓?,-3,足球门,3,3
"身小力不小,团结又勤劳,有时搬粮食,有时挖地道。(打一动物)",-1,蚂蚁,3,3
"身小力不小,团结又勤劳,有时搬粮食,有时挖地道。(打一动物)",-2,蚂蚁,3,3
"身小力不小,团结又勤劳,有时搬粮食,有时挖地道。(打一动物)",-3,蚂蚁,3,3
"头戴珊瑚帽,身穿梅花袄,腿儿细又长,翻山快如飞。(打一动物)",-1,鹳,2,0
"头戴珊瑚帽,身穿梅花袄,腿儿细又长,翻山快如飞。(打一动物)",-2,鹿 ,3,3
"头戴珊瑚帽,身穿梅花袄,腿儿细又长,翻山快如飞。(打一动物)",-3,鹿,3,3
"本是古老一游禽,零下百度能安家,唯它南极能生存,遇人相迎不害怕。(打一动物)",-1,企鹅,3,3
"本是古老一游禽,零下百度能安家,唯它南极能生存,遇人相迎不害怕。(打一动物)",-2,企鹅,3,3
"本是古老一游禽,零下百度能安家,唯它南极能生存,遇人相迎不害怕。(打一动物)",-3,企鹅,3,3
"形状像耗子,爬在树枝上,生活像猴子,忙着摘果子。(打一动物)",-1,松鼠,3,3
"形状像耗子,爬在树枝上,生活像猴子,忙着摘果子。(打一动物)",-2,猕猴 ,0,1
"形状像耗子,爬在树枝上,生活像猴子,忙着摘果子。(打一动物)",-3,松鼠,3,3
"满头长发阔步走,力大气壮赛过牛,张开大嘴一声吼,吓得百兽都发抖。(猜一动物)",-1,狮子,3,3
"满头长发阔步走,力大气壮赛过牛,张开大嘴一声吼,吓得百兽都发抖。(猜一动物)",-2,狮子,3,3
"满头长发阔步走,力大气壮赛过牛,张开大嘴一声吼,吓得百兽都发抖。(猜一动物)",-3,熊,0,0
"千根线,万根线,落到水里就不见。(猜自然物)",-1,雨,3,3
"千根线,万根线,落到水里就不见。(猜自然物)",-2,阳光,1,1
"千根线,万根线,落到水里就不见。(猜自然物)",-3,雨,3,3
"明又明,亮又亮,一团火球挂天上,冬天呆的时间短,夏天呆的时间长。(打一自然现象)",-1,太阳,3,3
"明又明,亮又亮,一团火球挂天上,冬天呆的时间短,夏天呆的时间长。(打一自然现象)",-2,太阳,3,3
"明又明,亮又亮,一团火球挂天上,冬天呆的时间短,夏天呆的时间长。(打一自然现象)",-3,太阳,3,3
